<?xml version="1.0" encoding="UTF-8"?>
<metadata>
	<idinfo>
		<citation>
			<citeinfo>
				<origin>Desmond Carroll</origin>
				<origin>Randy Taylor</origin>
				<pubdate>Unpublished Material</pubdate>
				<title Sync="TRUE">Roads</title>
				<geoform Sync="TRUE">vector digital data</geoform>
				<onlink Sync="TRUE">\\tgbpa.com\tgbpa\Datasource\Building and Planning\GIS\GIS Data\Development\Randy\GBPA Data Sets.mdb</onlink>
				<ftname Sync="TRUE">Roads</ftname></citeinfo>
		</citation>
		<descript>
			<abstract>Street File of Grand Bahama with Grand Bahama Port Authority Maintained Roads Attributed</abstract>
			<purpose>To provide GBPA employees with a modern street map</purpose>
			<langdata Sync="TRUE">en</langdata></descript>
		<timeperd>
			<timeinfo>
				<sngdate>
					<caldate>2005</caldate>
				</sngdate>
			</timeinfo>
			<current>2005 Aerial Photography of Grand Bahama</current>
		</timeperd>
		<status>
			<progress>In work</progress>
			<update>As needed</update>
		</status>
		<spdom>
			<bounding>
				<westbc Sync="TRUE">-79.002475</westbc>
				<eastbc Sync="TRUE">-77.866472</eastbc>
				<northbc Sync="TRUE">26.764412</northbc>
				<southbc Sync="TRUE">26.476794</southbc>
			</bounding>
			<lboundng><leftbc Sync="TRUE">699083.255940</leftbc><rightbc Sync="TRUE">811687.790060</rightbc><bottombc Sync="TRUE">2932281.078126</bottombc><topbc Sync="TRUE">2961908.998026</topbc></lboundng></spdom>
		<keywords>
			<theme>
				<themekey>Streets</themekey>
				<themekey>Roads</themekey>
				<themekt>REQUIRED: Reference to a formally registered thesaurus or a similar authoritative source of theme keywords.</themekt></theme>
			<place>
				<placekey>Freeport</placekey>
				<placekey>Grand Bahama</placekey>
				<placekey>Port Area</placekey>
				<placekey>Bonded Area</placekey>
			</place>
		</keywords>
		<accconst>Property of the Grand Bahama Port Authority. All Rights Reserved.</accconst>
		<useconst>REQUIRED: Restrictions and legal prerequisites for using the data set after access is granted.</useconst>
		<ptcontac>
			<cntinfo>
				<cntorgp>
					<cntorg>Grand Bahama Port Authority GIS Department</cntorg>
				</cntorgp>
				<cntaddr>
					<addrtype>mailing and physical address</addrtype>
					<address>GBPA GIS Dept.</address>
					<address>Southern Ridge Building</address>
					<city>Freeport</city>
					<state>Grand Bahama</state>
					<postal>P.O. Box F-42666</postal>
					<country>The Bahamas</country>
				</cntaddr>
				<cntvoice>(242)352-6711x2079</cntvoice>
				<hours>8:30am-5:00pm</hours>
			</cntinfo>
		</ptcontac>
		<datacred>GBPA GIS Department, Simmons Aerofilms</datacred>
		<native Sync="TRUE">Microsoft Windows XP Version 5.1 (Build 2600) Service Pack 3; ESRI ArcCatalog 9.2.6.1500</native>
		<crossref>
			<citeinfo>
				<origin>Desmond Carroll</origin>
				<origin>Randy Taylor</origin>
				<pubdate>Unpublished Material</pubdate>
				<title>Grand Bahama Port Authority Street File</title>
			</citeinfo>
		</crossref>
		<natvform Sync="TRUE">Personal GeoDatabase Feature Class</natvform></idinfo>
	<dataqual>
		<attracc>
			<attraccr>Attributes area still in quality assurance phase. Currently there are scattered errors in the attributes. Some streets are known to be missing and have to be digitized.</attraccr>
		</attracc>
		<complete>Attributes only given for documented streets in the Grand Bahama Port Authority Bonded Area. Within the GBPA area streets not present on survey plats have been removed. For regions outside of the GBPA area this dataset provides only interpolated centre of pavement lines for the Aerial Photography.</complete>
		<posacc>
			<horizpa>
				<horizpar>Street Centerlines Accurate 1m</horizpar>
				<qhorizpa>
					<horizpav>1m</horizpav>
					<horizpae>Centrelines are derived from the Grand Bahama 2005 Aerial Photography which was orthorectified to a maximum of 50cm</horizpae>
				</qhorizpa>
			</horizpa>
		</posacc>
		<lineage>
			<srcinfo>
				<srcscale>(1:5,000) 25cm within GBPA region, (1:20000) 50cm elsewhere</srcscale>
				<typesrc>Digital Aerial Photography (Orthorectified GeoTiffs)</typesrc>
				<srccontr>Street Centre Lines and Number of Lanes.</srccontr>
			</srcinfo>
			<srcinfo>
				<typesrc>Survey Plat Maps, Scanned and Rectified</typesrc>
				<srccontr>Street Names</srccontr>
			</srcinfo>
			<procstep><procdesc Sync="TRUE">Metadata imported.</procdesc><srcused Sync="TRUE">C:\DOCUME~1\dcarroll\LOCALS~1\Temp\xml7A.tmp</srcused><date Sync="TRUE">20061110</date><time Sync="TRUE">12475300</time></procstep><procstep><procdesc Sync="TRUE">Dataset copied.</procdesc><srcused Sync="TRUE">\\tgbpa.com\tgbpa\Datasource\Building and Planning\GIS\GIS Data\Standard\Vector\Current\Infrastructure.gdb</srcused><date Sync="TRUE">20080912</date><time Sync="TRUE">12575400</time></procstep><procstep><procdesc Sync="TRUE">Dataset copied.</procdesc><srcused Sync="TRUE">\\RTAYLOR\GIS Data\Grand_Bahama_20000\Infrastructure.gdb</srcused><date Sync="TRUE">20081010</date><time Sync="TRUE">08413000</time></procstep><procstep><procdesc Sync="TRUE">Dataset copied.</procdesc><srcused Sync="TRUE">\\OPTIPLEXUSERMAC\C$\Data\Infrastructure.gdb</srcused><date Sync="TRUE">20081030</date><time Sync="TRUE">10404500</time></procstep></lineage>
	</dataqual>
	<spdoinfo>
		<direct Sync="TRUE">Vector</direct>
		<ptvctinf>
			<sdtsterm Name="Roads">
				<sdtstype Sync="TRUE">String</sdtstype>
				<ptvctcnt Sync="TRUE">0</ptvctcnt>
			</sdtsterm>
			<esriterm Name="Roads"><efeatyp Sync="TRUE">Simple</efeatyp><efeageom Sync="TRUE">Polyline</efeageom><esritopo Sync="TRUE">FALSE</esritopo><efeacnt Sync="TRUE">0</efeacnt><spindex Sync="TRUE">TRUE</spindex><linrefer Sync="TRUE">FALSE</linrefer></esriterm></ptvctinf>
	</spdoinfo>
	<spref>
		<horizsys>
			<planar>
				<planci>
					<plance Sync="TRUE">coordinate pair</plance>
					<coordrep>
						<absres Sync="TRUE">0.000064</absres>
						<ordres Sync="TRUE">0.000064</ordres>
					</coordrep>
					<plandu Sync="TRUE">meters</plandu>
				</planci>
				<gridsys><gridsysn Sync="TRUE">Universal Transverse Mercator</gridsysn><utm><utmzone Sync="TRUE">17</utmzone><transmer><sfctrmer Sync="TRUE">0.999600</sfctrmer><longcm Sync="TRUE">-81.000000</longcm><latprjo Sync="TRUE">0.000000</latprjo><feast Sync="TRUE">500000.000000</feast><fnorth Sync="TRUE">0.000000</fnorth></transmer></utm></gridsys></planar>
			<geodetic>
				<horizdn Sync="TRUE">D_WGS_1984</horizdn>
				<ellips Sync="TRUE">WGS_1984</ellips>
				<semiaxis Sync="TRUE">6378137.000000</semiaxis>
				<denflat Sync="TRUE">298.257224</denflat>
			</geodetic>
			<cordsysn><geogcsn Sync="TRUE">GCS_WGS_1984</geogcsn><projcsn Sync="TRUE">WGS_1984_UTM_Zone_17N</projcsn></cordsysn></horizsys>
		<vertdef>
			<altsys>
				<altres Sync="TRUE">1.000000</altres>
				<altenc Sync="TRUE">Explicit elevation coordinate included with horizontal coordinates</altenc>
			</altsys>
		</vertdef>
	</spref>
	<eainfo>
		<detailed Name="Roads">
			<enttyp>
				<enttypl Sync="TRUE">Roads</enttypl>
				<enttypt Sync="TRUE">Feature Class</enttypt><enttypc Sync="TRUE">0</enttypc></enttyp>
			<attr>
				<attrlabl>OBJECTID_1</attrlabl>
				<attrdef>Internal feature number.</attrdef>
				<attrdefs>ESRI</attrdefs>
				<attrdomv>
					<udom>Sequential unique whole numbers that are automatically generated.</udom>
				</attrdomv>
			</attr>
			<attr>
				<attrlabl>Shape</attrlabl>
				<attrdef>Feature geometry.</attrdef>
				<attrdefs>ESRI</attrdefs>
				<attrdomv>
					<udom>Coordinates defining the features.</udom>
				</attrdomv>
			</attr>
			<attr>
				<attrlabl>OBJECTID</attrlabl>
			</attr>
			<attr>
				<attrlabl>LENGTH</attrlabl>
				<attrdef>Segment Length</attrdef>
			</attr>
			<attr>
				<attrlabl>PREFIX</attrlabl>
				<attrdef>Street Name Prefix</attrdef>
				<attrdefs>GBPA Survey Documents</attrdefs>
			</attr>
			<attr>
				<attrlabl>ST_NAME</attrlabl>
				<attrdef>Street Name</attrdef>
				<attrdefs>GBPA Survey Documents</attrdefs>
			</attr>
			<attr>
				<attrlabl>ONEWAY</attrlabl>
				<attrdef>0 if street is one-way, 1 if two-way</attrdef>
				<attrdefs>2005 Aerial Photography, GBPA Survey Documents</attrdefs>
			</attr>
			<attr>
				<attrlabl>Shape_Length</attrlabl>
				<attrdef>Length of feature in internal units.</attrdef>
				<attrdefs>ESRI</attrdefs>
				<attrdomv>
					<udom>Positive real numbers that are automatically generated.</udom>
				</attrdomv>
			</attr>
			<attr><attrlabl Sync="TRUE">ST_TYPE</attrlabl><attalias Sync="TRUE">ST_TYPE</attalias><attrtype Sync="TRUE">String</attrtype><attwidth Sync="TRUE">50</attwidth><atprecis Sync="TRUE">0</atprecis><attscale Sync="TRUE">0</attscale></attr><attr>
				<attrlabl>SUFFIX</attrlabl>
				<attrdef>Street Name Suffix</attrdef>
				<attrdefs>GBPA Survey Documents</attrdefs>
			</attr>
			<attr><attrlabl Sync="TRUE">ROW</attrlabl><attalias Sync="TRUE">ROW</attalias><attrtype Sync="TRUE">SmallInteger</attrtype><attwidth Sync="TRUE">2</attwidth><atprecis Sync="TRUE">0</atprecis><attscale Sync="TRUE">0</attscale></attr><attr><attrlabl Sync="TRUE">len</attrlabl><attalias Sync="TRUE">len</attalias><attrtype Sync="TRUE">Double</attrtype><attwidth Sync="TRUE">8</attwidth><atprecis Sync="TRUE">0</atprecis><attscale Sync="TRUE">0</attscale></attr></detailed>
	</eainfo>
	<distinfo>
		<resdesc>Internal GBPA Data</resdesc>
	</distinfo>
	<metainfo>
		<metd Sync="TRUE">20101117</metd>
		<metc>
			<cntinfo>
				<cntorgp>
					<cntorg>Grand Bahama Port Authority GIS Department</cntorg>
					<cntper>Desmond Carroll</cntper>
				</cntorgp>
				<cntaddr>
					<addrtype>mailing and physical address</addrtype>
					<city>Freeport</city>
					<state>Grand Bahama</state>
					<postal>PO Box F-42666</postal>
					<address>GBPA GIS Dept.</address><address>Southern Ridge Building</address><country>The Bahamas</country></cntaddr>
				<cntvoice>(242) 352-6711 x2079</cntvoice>
				<cntpos>GIS Manager</cntpos><hours>8:30-5:00pm</hours></cntinfo>
		</metc>
		<metstdn Sync="TRUE">FGDC Content Standards for Digital Geospatial Metadata</metstdn>
		<metstdv Sync="TRUE">FGDC-STD-001-1998</metstdv>
		<mettc Sync="TRUE">local time</mettc>
		<metextns>
			<onlink>http://www.esri.com/metadata/esriprof80.html</onlink>
			<metprof>ESRI Metadata Profile</metprof>
		</metextns>
		<metextns>
			<onlink>http://www.esri.com/metadata/esriprof80.html</onlink>
			<metprof>ESRI Metadata Profile</metprof>
		</metextns>
		<langmeta Sync="TRUE">en</langmeta><metextns><onlink Sync="TRUE">http://www.esri.com/metadata/esriprof80.html</onlink><metprof Sync="TRUE">ESRI Metadata Profile</metprof></metextns></metainfo>
	<Esri><CreaDate>20171208</CreaDate><CreaTime>15230400</CreaTime><SyncOnce>FALSE</SyncOnce><SyncDate>20101117</SyncDate><SyncTime>10052000</SyncTime><ModDate>20101117</ModDate><ModTime>10052000</ModTime><DataProperties><lineage><Process ToolSource="C:\Program Files\ArcGIS\ArcToolbox\Toolboxes\Data Management Tools.tbx\CopyFeatures" Date="20070125" Time="102506">CopyFeatures "\\Technical\gis\TECHNICAL DATA MANAGEMENT\GIS Data\Working\Infrastructure 1-22-07 Working.mdb\Roads" "\\Technical\gis\TECHNICAL DATA MANAGEMENT\GIS Data\Working\Infrastructure 1-22-07.gdb\Roads" # 0 0 0</Process><Process Name="FeatureClassToFeatureClass_3" ToolSource="C:\Program Files (x86)\ArcGIS\ArcToolbox\Toolboxes\Conversion Tools.tbx\FeatureClassToFeatureClass" Date="20070515" Time="113456">FeatureClassToFeatureClass "P:\TECHNICAL DATA MANAGEMENT\GIS Data\Working\Infrastructure-Working.gdb\Roads" "\\Technical\GIS\TECHNICAL DATA MANAGEMENT\GIS Data\Working\Infra_.gdb" Roads # "OBJECTID OBJECTID true true false 4 Long 0 0 ,First,#,P:\TECHNICAL DATA MANAGEMENT\GIS Data\Working\Infrastructure-Working.gdb\Roads,OBJECTID,-1,-1;LENGTH LENGTH true true false 8 Double 0 0 ,First,#,P:\TECHNICAL DATA MANAGEMENT\GIS Data\Working\Infrastructure-Working.gdb\Roads,LENGTH,-1,-1;PREFIX PREFIX true true false 50 Text 0 0 ,First,#,P:\TECHNICAL DATA MANAGEMENT\GIS Data\Working\Infrastructure-Working.gdb\Roads,PREFIX,-1,-1;ST_NAME ST_NAME true true false 50 Text 0 0 ,First,#,P:\TECHNICAL DATA MANAGEMENT\GIS Data\Working\Infrastructure-Working.gdb\Roads,ST_NAME,-1,-1;SUFFIX SUFFIX true true false 50 Text 0 0 ,First,#,P:\TECHNICAL DATA MANAGEMENT\GIS Data\Working\Infrastructure-Working.gdb\Roads,SUFFIX,-1,-1;PAVED PAVED true true false 2 Short 0 0 ,First,#,P:\TECHNICAL DATA MANAGEMENT\GIS Data\Working\Infrastructure-Working.gdb\Roads,PAVED,-1,-1;NO_LANES NO_LANES true true false 2 Short 0 0 ,First,#,P:\TECHNICAL DATA MANAGEMENT\GIS Data\Working\Infrastructure-Working.gdb\Roads,NO_LANES,-1,-1;ONEWAY ONEWAY true true false 2 Short 0 0 ,First,#,P:\TECHNICAL DATA MANAGEMENT\GIS Data\Working\Infrastructure-Working.gdb\Roads,ONEWAY,-1,-1;Shape_Length Shape_Length false true true 8 Double 0 0 ,First,#,P:\TECHNICAL DATA MANAGEMENT\GIS Data\Working\Infrastructure-Working.gdb\Roads,Shape_Length,-1,-1" # "\\Technical\GIS\TECHNICAL DATA MANAGEMENT\GIS Data\Working\Infra_.gdb\Roads"</Process><Process Name="FeatureClassToFeatureClass_6" ToolSource="C:\Program Files\ArcGIS\ArcToolbox\Toolboxes\Conversion Tools.tbx\FeatureClassToFeatureClass" Date="20101117" Time="100525">FeatureClassToFeatureClass "Database Connections\Layers.sde\sde_vector.DBO.Roads" "G:\GIS\GIS Data\Development\Randy\GBPA Data Sets.mdb" Roads # "OBJECTID OBJECTID true true false 4 Long 0 10 ,First,#,Database Connections\Layers.sde\sde_vector.DBO.Roads,OBJECTID,-1,-1;LENGTH LENGTH true true false 8 Double 8 38 ,First,#,Database Connections\Layers.sde\sde_vector.DBO.Roads,LENGTH,-1,-1;PREFIX PREFIX true true false 50 Text 0 0 ,First,#,Database Connections\Layers.sde\sde_vector.DBO.Roads,PREFIX,-1,-1;ST_NAME ST_NAME true true false 50 Text 0 0 ,First,#,Database Connections\Layers.sde\sde_vector.DBO.Roads,ST_NAME,-1,-1;SUFFIX SUFFIX true true false 50 Text 0 0 ,First,#,Database Connections\Layers.sde\sde_vector.DBO.Roads,SUFFIX,-1,-1;ONEWAY ONEWAY true true false 2 Short 0 5 ,First,#,Database Connections\Layers.sde\sde_vector.DBO.Roads,ONEWAY,-1,-1;ST_TYPE ST_TYPE true true false 50 Text 0 0 ,First,#,Database Connections\Layers.sde\sde_vector.DBO.Roads,ST_TYPE,-1,-1;ROW ROW true true false 2 Short 0 5 ,First,#,Database Connections\Layers.sde\sde_vector.DBO.Roads,ROW,-1,-1;len len false false true 0 Double 0 0 ,First,#,Database Connections\Layers.sde\sde_vector.DBO.Roads,Shape.len,-1,-1" # "G:\GIS\GIS Data\Development\Randy\GBPA Data Sets.mdb\Roads"</Process></lineage></DataProperties><ArcGISFormat>1.0</ArcGISFormat></Esri><dataIdInfo><envirDesc Sync="TRUE">Microsoft Windows XP Version 5.1 (Build 2600) Service Pack 3; ESRI ArcCatalog 9.2.6.1500</envirDesc><dataLang><languageCode Sync="TRUE" value="en"></languageCode></dataLang><idCitation><resTitle Sync="TRUE">Roads</resTitle><presForm><PresFormCd Sync="TRUE" value="005"></PresFormCd></presForm></idCitation><spatRpType><SpatRepTypCd Sync="TRUE" value="001"></SpatRepTypCd></spatRpType><dataExt><geoEle><GeoBndBox esriExtentType="native"><westBL Sync="TRUE">699083.25594</westBL><eastBL Sync="TRUE">811687.79006</eastBL><northBL Sync="TRUE">2961908.998026</northBL><southBL Sync="TRUE">2932281.078126</southBL><exTypeCode Sync="TRUE">1</exTypeCode></GeoBndBox></geoEle></dataExt><geoBox esriExtentType="decdegrees"><westBL Sync="TRUE">-79.002475</westBL><eastBL Sync="TRUE">-77.866472</eastBL><northBL Sync="TRUE">26.764412</northBL><southBL Sync="TRUE">26.476794</southBL><exTypeCode Sync="TRUE">1</exTypeCode></geoBox></dataIdInfo><mdLang><languageCode Sync="TRUE" value="en"></languageCode></mdLang><mdStanName Sync="TRUE">ISO 19115 Geographic Information - Metadata</mdStanName><mdStanVer Sync="TRUE">DIS_ESRI1.0</mdStanVer><mdChar><CharSetCd Sync="TRUE" value="004"></CharSetCd></mdChar><mdHrLv><ScopeCd Sync="TRUE" value="005"></ScopeCd></mdHrLv><mdHrLvName Sync="TRUE">dataset</mdHrLvName><distInfo><distributor><distorTran><onLineSrc><orDesc Sync="TRUE">002</orDesc><linkage Sync="TRUE">file://\\tgbpa.com\tgbpa\Datasource\Building and Planning\GIS\GIS Data\Development\Randy\GBPA Data Sets.mdb</linkage><protocol Sync="TRUE">Local Area Network</protocol></onLineSrc></distorTran><distorFormat><formatName Sync="TRUE">Personal GeoDatabase Feature Class</formatName></distorFormat></distributor></distInfo><refSysInfo><RefSystem><refSysID><identCode Sync="TRUE">WGS_1984_UTM_Zone_17N</identCode></refSysID></RefSystem></refSysInfo><spatRepInfo><VectSpatRep><topLvl><TopoLevCd Sync="TRUE" value="001"></TopoLevCd></topLvl><geometObjs Name="Roads"><geoObjTyp><GeoObjTypCd Sync="TRUE" value="001"></GeoObjTypCd></geoObjTyp><geoObjCnt Sync="TRUE">0</geoObjCnt></geometObjs></VectSpatRep></spatRepInfo><mdDateSt Sync="TRUE">20101117</mdDateSt></metadata>
