<?xml version="1.0" encoding="UTF-8"?>
<metadata xml:lang="en"><Esri><CreaDate>20171208</CreaDate><CreaTime>15191300</CreaTime><SyncOnce>FALSE</SyncOnce><SyncDate>20101117</SyncDate><SyncTime>09580400</SyncTime><ModDate>20101117</ModDate><ModTime>09580400</ModTime><DataProperties><lineage><Process Name="FeatureClassToFeatureClass_1" ToolSource="C:\Program Files\ArcGIS\ArcToolbox\Toolboxes\Conversion Tools.tbx\FeatureClassToFeatureClass" Date="20070115" Time="090708">FeatureClassToFeatureClass "C:\GIS Data\MapSecificLayers.gdb\Parcel_Clean2" "\\Technical\gis\TECHNICAL DATA MANAGEMENT\GIS Data\Working\Infrastructure 1-12-07 Working.mdb" Parcel_Clean # "Shape_Length Shape_Length false true true 8 Double 0 0 ,First,#,C:\GIS Data\MapSecificLayers.gdb\Parcel_Clean2,Shape_Length,-1,-1;Shape_Area Shape_Area false true true 8 Double 0 0 ,First,#,C:\GIS Data\MapSecificLayers.gdb\Parcel_Clean2,Shape_Area,-1,-1;Subdiv Subdiv true false false 50 Text 0 0 ,First,#,C:\GIS Data\MapSecificLayers.gdb\Parcel_Clean2,Subdiv,-1,-1;Lot Lot true false false 50 Text 0 0 ,First,#,C:\GIS Data\MapSecificLayers.gdb\Parcel_Clean2,Lot,-1,-1;Block Block true false false 50 Text 0 0 ,First,#,C:\GIS Data\MapSecificLayers.gdb\Parcel_Clean2,Block,-1,-1;Tract Tract true false false 50 Text 0 0 ,First,#,C:\GIS Data\MapSecificLayers.gdb\Parcel_Clean2,Tract,-1,-1;Shape_Leng Shape_Leng true false false 8 Double 0 0 ,First,#,C:\GIS Data\MapSecificLayers.gdb\Parcel_Clean2,Shape_Leng,-1,-1;PID PID true false false 200 Text 0 0 ,First,#,C:\GIS Data\MapSecificLayers.gdb\Parcel_Clean2,PID,-1,-1;Shape_Le1 Shape_Le1 true false false 8 Double 0 0 ,First,#,C:\GIS Data\MapSecificLayers.gdb\Parcel_Clean2,Shape_Le1,-1,-1;Unit Unit true false false 20 Text 0 0 ,First,#,C:\GIS Data\MapSecificLayers.gdb\Parcel_Clean2,Unit,-1,-1;LOTK LOTK true false false 25 Text 0 0 ,First,#,C:\GIS Data\MapSecificLayers.gdb\Parcel_Clean2,LOTK,-1,-1;BLOCKK BLOCKK true false false 25 Text 0 0 ,First,#,C:\GIS Data\MapSecificLayers.gdb\Parcel_Clean2,BLOCKK,-1,-1;TRACTK TRACTK true false false 50 Text 0 0 ,First,#,C:\GIS Data\MapSecificLayers.gdb\Parcel_Clean2,TRACTK,-1,-1;PARCELK PARCELK true false false 100 Text 0 0 ,First,#,C:\GIS Data\MapSecificLayers.gdb\Parcel_Clean2,PARCELK,-1,-1;UNITK UNITK true false false 5 Text 0 0 ,First,#,C:\GIS Data\MapSecificLayers.gdb\Parcel_Clean2,UNITK,-1,-1;SUBK SUBK true false false 5 Text 0 0 ,First,#,C:\GIS Data\MapSecificLayers.gdb\Parcel_Clean2,SUBK,-1,-1;ET_ID ET_ID true false false 4 Long 0 0 ,First,#,C:\GIS Data\MapSecificLayers.gdb\Parcel_Clean2,ET_ID,-1,-1;ET_Gaps ET_Gaps true false false 254 Text 0 0 ,First,#,C:\GIS Data\MapSecificLayers.gdb\Parcel_Clean2,ET_Gaps,-1,-1;ETP_TypeX ETP_TypeX true false false 254 Text 0 0 ,First,#,C:\GIS Data\MapSecificLayers.gdb\Parcel_Clean2,ETP_TypeX,-1,-1;Area Area true true false 8 Double 0 0 ,First,#,C:\GIS Data\MapSecificLayers.gdb\Parcel_Clean2,Area,-1,-1;Perimeter Perimeter true true false 8 Double 0 0 ,First,#,C:\GIS Data\MapSecificLayers.gdb\Parcel_Clean2,Perimeter,-1,-1" # "\\Technical\gis\TECHNICAL DATA MANAGEMENT\GIS Data\Working\Infrastructure 1-12-07 Working.mdb\Parcel_Clean"</Process><Process ToolSource="C:\Program Files\ArcGIS\ArcToolbox\Toolboxes\Data Management Tools.tbx\CopyFeatures" Date="20070125" Time="102630">CopyFeatures "\\Technical\gis\TECHNICAL DATA MANAGEMENT\GIS Data\Working\Infrastructure 1-22-07 Working.mdb\Parcels" "\\Technical\gis\TECHNICAL DATA MANAGEMENT\GIS Data\Working\Infrastructure 1-22-07.gdb\Parcels" # 0 0 0</Process><Process Name="FeatureClassToFeatureClass_1" ToolSource="C:\Program Files (x86)\ArcGIS\ArcToolbox\Toolboxes\Conversion Tools.tbx\FeatureClassToFeatureClass" Date="20070515" Time="112706">FeatureClassToFeatureClass "P:\TECHNICAL DATA MANAGEMENT\GIS Data\Working\Infrastructure-Working.gdb\Parcels" "\\Technical\GIS\TECHNICAL DATA MANAGEMENT\GIS Data\Working\Infra_.gdb" Parcels # "Subdiv Subdiv true true false 50 Text 0 0 ,First,#,P:\TECHNICAL DATA MANAGEMENT\GIS Data\Working\Infrastructure-Working.gdb\Parcels,Subdiv,-1,-1;Lot Lot true true false 50 Text 0 0 ,First,#,P:\TECHNICAL DATA MANAGEMENT\GIS Data\Working\Infrastructure-Working.gdb\Parcels,Lot,-1,-1;Block Block true true false 50 Text 0 0 ,First,#,P:\TECHNICAL DATA MANAGEMENT\GIS Data\Working\Infrastructure-Working.gdb\Parcels,Block,-1,-1;Tract Tract true true false 50 Text 0 0 ,First,#,P:\TECHNICAL DATA MANAGEMENT\GIS Data\Working\Infrastructure-Working.gdb\Parcels,Tract,-1,-1;Shape_Leng Shape_Leng true true false 8 Double 0 0 ,First,#,P:\TECHNICAL DATA MANAGEMENT\GIS Data\Working\Infrastructure-Working.gdb\Parcels,Shape_Leng,-1,-1;PID PID true true false 200 Text 0 0 ,First,#,P:\TECHNICAL DATA MANAGEMENT\GIS Data\Working\Infrastructure-Working.gdb\Parcels,PID,-1,-1;Shape_Le1 Shape_Le1 true true false 8 Double 0 0 ,First,#,P:\TECHNICAL DATA MANAGEMENT\GIS Data\Working\Infrastructure-Working.gdb\Parcels,Shape_Le1,-1,-1;Unit Unit true true false 20 Text 0 0 ,First,#,P:\TECHNICAL DATA MANAGEMENT\GIS Data\Working\Infrastructure-Working.gdb\Parcels,Unit,-1,-1;LOTK LOTK true true false 25 Text 0 0 ,First,#,P:\TECHNICAL DATA MANAGEMENT\GIS Data\Working\Infrastructure-Working.gdb\Parcels,LOTK,-1,-1;BLOCKK BLOCKK true true false 25 Text 0 0 ,First,#,P:\TECHNICAL DATA MANAGEMENT\GIS Data\Working\Infrastructure-Working.gdb\Parcels,BLOCKK,-1,-1;TRACTK TRACTK true true false 50 Text 0 0 ,First,#,P:\TECHNICAL DATA MANAGEMENT\GIS Data\Working\Infrastructure-Working.gdb\Parcels,TRACTK,-1,-1;PARCELK PARCELK true true false 100 Text 0 0 ,First,#,P:\TECHNICAL DATA MANAGEMENT\GIS Data\Working\Infrastructure-Working.gdb\Parcels,PARCELK,-1,-1;UNITK UNITK true true false 5 Text 0 0 ,First,#,P:\TECHNICAL DATA MANAGEMENT\GIS Data\Working\Infrastructure-Working.gdb\Parcels,UNITK,-1,-1;SUBK SUBK true true false 5 Text 0 0 ,First,#,P:\TECHNICAL DATA MANAGEMENT\GIS Data\Working\Infrastructure-Working.gdb\Parcels,SUBK,-1,-1;ET_ID ET_ID true true false 4 Long 0 0 ,First,#,P:\TECHNICAL DATA MANAGEMENT\GIS Data\Working\Infrastructure-Working.gdb\Parcels,ET_ID,-1,-1;ET_Gaps ET_Gaps true true false 254 Text 0 0 ,First,#,P:\TECHNICAL DATA MANAGEMENT\GIS Data\Working\Infrastructure-Working.gdb\Parcels,ET_Gaps,-1,-1;ETP_TypeX ETP_TypeX true true false 254 Text 0 0 ,First,#,P:\TECHNICAL DATA MANAGEMENT\GIS Data\Working\Infrastructure-Working.gdb\Parcels,ETP_TypeX,-1,-1;Area Area true true false 8 Double 0 0 ,First,#,P:\TECHNICAL DATA MANAGEMENT\GIS Data\Working\Infrastructure-Working.gdb\Parcels,Area,-1,-1;Perimeter Perimeter true true false 8 Double 0 0 ,First,#,P:\TECHNICAL DATA MANAGEMENT\GIS Data\Working\Infrastructure-Working.gdb\Parcels,Perimeter,-1,-1;Shape_Length Shape_Length false true true 8 Double 0 0 ,First,#,P:\TECHNICAL DATA MANAGEMENT\GIS Data\Working\Infrastructure-Working.gdb\Parcels,Shape_Length,-1,-1;Shape_Area Shape_Area false true true 8 Double 0 0 ,First,#,P:\TECHNICAL DATA MANAGEMENT\GIS Data\Working\Infrastructure-Working.gdb\Parcels,Shape_Area,-1,-1;No_ No_ true true false 2 Short 0 0 ,First,#,P:\TECHNICAL DATA MANAGEMENT\GIS Data\Working\Infrastructure-Working.gdb\Parcels,No_,-1,-1" # "\\Technical\GIS\TECHNICAL DATA MANAGEMENT\GIS Data\Working\Infra_.gdb\Parcels"</Process><Process Name="Eliminate_16" ToolSource="C:\Program Files\ArcGIS\ArcToolbox\Toolboxes\Data Management Tools.tbx\Eliminate" Date="20070529" Time="122806">Eliminate Eliminate1 C:\Users\Desmond\GIS\Clean.shp LENGTH</Process><Process Name="FeatureClassToFeatureClass_2" ToolSource="C:\Program Files\ArcGIS\ArcToolbox\Toolboxes\Conversion Tools.tbx\FeatureClassToFeatureClass" Date="20070529" Time="123527">FeatureClassToFeatureClass C:\Users\Desmond\GIS\Clean.shp C:\Users\Desmond\GIS\Infrastructure-Working.gdb\Infrastructure LandParcels # "OBJECTID OBJECTID true false false 9 Long 0 9 ,First,#,C:\Users\Desmond\GIS\Clean.shp,OBJECTID,-1,-1;Subdiv Subdiv true false false 50 Text 0 0 ,First,#,C:\Users\Desmond\GIS\Clean.shp,Subdiv,-1,-1;Lot Lot true false false 50 Text 0 0 ,First,#,C:\Users\Desmond\GIS\Clean.shp,Lot,-1,-1;Block Block true false false 50 Text 0 0 ,First,#,C:\Users\Desmond\GIS\Clean.shp,Block,-1,-1;Tract Tract true false false 50 Text 0 0 ,First,#,C:\Users\Desmond\GIS\Clean.shp,Tract,-1,-1;Shape_Leng Shape_Leng true false false 19 Double 0 0 ,First,#,C:\Users\Desmond\GIS\Clean.shp,Shape_Leng,-1,-1;PID PID true false false 200 Text 0 0 ,First,#,C:\Users\Desmond\GIS\Clean.shp,PID,-1,-1;Shape_Le1 Shape_Le1 true false false 19 Double 0 0 ,First,#,C:\Users\Desmond\GIS\Clean.shp,Shape_Le1,-1,-1;Unit Unit true false false 20 Text 0 0 ,First,#,C:\Users\Desmond\GIS\Clean.shp,Unit,-1,-1;LOTK LOTK true false false 25 Text 0 0 ,First,#,C:\Users\Desmond\GIS\Clean.shp,LOTK,-1,-1;BLOCKK BLOCKK true false false 25 Text 0 0 ,First,#,C:\Users\Desmond\GIS\Clean.shp,BLOCKK,-1,-1;TRACTK TRACTK true false false 50 Text 0 0 ,First,#,C:\Users\Desmond\GIS\Clean.shp,TRACTK,-1,-1;PARCELK PARCELK true false false 100 Text 0 0 ,First,#,C:\Users\Desmond\GIS\Clean.shp,PARCELK,-1,-1;UNITK UNITK true false false 5 Text 0 0 ,First,#,C:\Users\Desmond\GIS\Clean.shp,UNITK,-1,-1;SUBK SUBK true false false 5 Text 0 0 ,First,#,C:\Users\Desmond\GIS\Clean.shp,SUBK,-1,-1;ET_ID ET_ID true false false 9 Long 0 9 ,First,#,C:\Users\Desmond\GIS\Clean.shp,ET_ID,-1,-1;ET_Gaps ET_Gaps true false false 254 Text 0 0 ,First,#,C:\Users\Desmond\GIS\Clean.shp,ET_Gaps,-1,-1;ETP_TypeX ETP_TypeX true false false 254 Text 0 0 ,First,#,C:\Users\Desmond\GIS\Clean.shp,ETP_TypeX,-1,-1;Area Area true false false 19 Double 0 0 ,First,#,C:\Users\Desmond\GIS\Clean.shp,Area,-1,-1;Perimeter Perimeter true false false 19 Double 0 0 ,First,#,C:\Users\Desmond\GIS\Clean.shp,Perimeter,-1,-1;No_ No_ true false false 4 Short 0 4 ,First,#,C:\Users\Desmond\GIS\Clean.shp,No_,-1,-1;Shape_Le_1 Shape_Le_1 true false false 19 Double 0 0 ,First,#,C:\Users\Desmond\GIS\Clean.shp,Shape_Le_1,-1,-1;Shape_Area Shape_Area true false false 19 Double 0 0 ,First,#,C:\Users\Desmond\GIS\Clean.shp,Shape_Area,-1,-1" # C:\Users\Desmond\GIS\Infrastructure-Working.gdb\Infrastructure\LandParcels</Process><Process Name="Dissolve_2" ToolSource="C:\Program Files\ArcGIS\ArcToolbox\Toolboxes\Data Management Tools.tbx\Dissolve" Date="20071211" Time="131003">Dissolve Parcels "C:\GIS Data\Infrastructure-Working.gdb\Parcels\LandParcels_Dissolve1" Subdiv;Block;Unit;BLOCKK;UNITK;SUBK # MULTI_PART</Process><Process Name="FeatureClassToFeatureClass_1" ToolSource="C:\Program Files\ArcGIS\ArcToolbox\Toolboxes\Conversion Tools.tbx\FeatureClassToFeatureClass" Date="20101117" Time="095806">FeatureClassToFeatureClass "Database Connections\Layers.sde\sde_vector.DBO.Parcels\sde_vector.DBO.Blocks" "G:\GIS\GIS Data\Development\Randy\GBPA Data Sets.mdb\Parcels" Blocks # "Subdiv Subdiv true true false 50 Text 0 0 ,First,#,Database Connections\Layers.sde\sde_vector.DBO.Parcels\sde_vector.DBO.Blocks,Subdiv,-1,-1;Block Block true true false 50 Text 0 0 ,First,#,Database Connections\Layers.sde\sde_vector.DBO.Parcels\sde_vector.DBO.Blocks,Block,-1,-1;Unit Unit true true false 20 Text 0 0 ,First,#,Database Connections\Layers.sde\sde_vector.DBO.Parcels\sde_vector.DBO.Blocks,Unit,-1,-1" # "G:\GIS\GIS Data\Development\Randy\GBPA Data Sets.mdb\Parcels\Blocks"</Process></lineage></DataProperties><ArcGISFormat>1.0</ArcGISFormat></Esri><idinfo><native Sync="TRUE">Microsoft Windows XP Version 5.1 (Build 2600) Service Pack 3; ESRI ArcCatalog 9.2.6.1500</native><descript><langdata Sync="TRUE">en</langdata><abstract>Parcel Layer of the Port Area</abstract><purpose>To provide a reference as to the location of a particular parcel in space. Also to serve as a database to link internal databases to.</purpose></descript><citation><citeinfo><origin>The Grand Bahama Port Authority Limited</origin><pubdate>Unpublished Material</pubdate><title Sync="TRUE">Blocks</title><ftname Sync="TRUE">Blocks</ftname><geoform Sync="TRUE">vector digital data</geoform><onlink Sync="TRUE">\\tgbpa.com\tgbpa\Datasource\Building and Planning\GIS\GIS Data\Development\Randy\GBPA Data Sets.mdb</onlink></citeinfo></citation><timeperd><current>ground condition</current><timeinfo><sngdate><caldate>unknown</caldate><time>unknown</time></sngdate></timeinfo></timeperd><status><progress>In work</progress><update>Continually</update></status><spdom><bounding><westbc Sync="TRUE">-78.790659</westbc><eastbc Sync="TRUE">-78.378995</eastbc><northbc Sync="TRUE">26.686989</northbc><southbc Sync="TRUE">26.486289</southbc></bounding><lboundng><leftbc Sync="TRUE">720207.412314</leftbc><rightbc Sync="TRUE">760830.131775</rightbc><bottombc Sync="TRUE">2932196.521228</bottombc><topbc Sync="TRUE">2953677.787948</topbc></lboundng></spdom><keywords><theme><themekt>REQUIRED: Reference to a formally registered thesaurus or a similar authoritative source of theme keywords.</themekt><themekey>Parcels</themekey></theme><place><placekey>Freeport</placekey><placekey>Grand Bahama</placekey><placekey>Bahamas</placekey><placekey>Port Area</placekey></place></keywords><natvform Sync="TRUE">Personal GeoDatabase Feature Class</natvform><ptcontac><cntinfo><cntvoice>(242)352-6611 x2079</cntvoice><cntfax>(242) 351-8473</cntfax><cntorgp><cntorg>The Grand Bahama Port Authority Limited GIS Department</cntorg></cntorgp><cntemail>dcarroll@gbpa.com</cntemail><hours>8:30-5:00pm</hours></cntinfo></ptcontac></idinfo><dataIdInfo><envirDesc Sync="TRUE">Microsoft Windows XP Version 5.1 (Build 2600) Service Pack 3; ESRI ArcCatalog 9.2.6.1500</envirDesc><dataLang><languageCode Sync="TRUE" value="en"></languageCode></dataLang><idCitation><resTitle Sync="TRUE">Blocks</resTitle><presForm><PresFormCd Sync="TRUE" value="005"></PresFormCd></presForm></idCitation><spatRpType><SpatRepTypCd Sync="TRUE" value="001"></SpatRepTypCd></spatRpType><dataExt><geoEle><GeoBndBox esriExtentType="native"><westBL Sync="TRUE">720207.412314</westBL><eastBL Sync="TRUE">760830.131775</eastBL><northBL Sync="TRUE">2953677.787948</northBL><southBL Sync="TRUE">2932196.521228</southBL><exTypeCode Sync="TRUE">1</exTypeCode></GeoBndBox></geoEle></dataExt><geoBox esriExtentType="decdegrees"><westBL Sync="TRUE">-78.790659</westBL><eastBL Sync="TRUE">-78.378995</eastBL><northBL Sync="TRUE">26.686989</northBL><southBL Sync="TRUE">26.486289</southBL><exTypeCode Sync="TRUE">1</exTypeCode></geoBox></dataIdInfo><metainfo><langmeta Sync="TRUE">en</langmeta><metstdn Sync="TRUE">FGDC Content Standards for Digital Geospatial Metadata</metstdn><metstdv Sync="TRUE">FGDC-STD-001-1998</metstdv><mettc Sync="TRUE">local time</mettc><metc><cntinfo><cntorgp><cntper>Desmond Carroll</cntper><cntorg>Grand Bahama Port Authority</cntorg></cntorgp><cntaddr><addrtype>mailing address</addrtype><city>Freeport</city><state>Grand Bahama</state><postal>00000</postal><address>PO Box F-42666</address><country>Bahamas</country></cntaddr><cntvoice>(242)352-6611 x2079.</cntvoice><hours>8:30am-5:00pm</hours></cntinfo></metc><metd Sync="TRUE">20101117</metd><metextns><onlink Sync="TRUE">http://www.esri.com/metadata/esriprof80.html</onlink><metprof Sync="TRUE">ESRI Metadata Profile</metprof></metextns></metainfo><mdLang><languageCode Sync="TRUE" value="en"></languageCode></mdLang><mdStanName Sync="TRUE">ISO 19115 Geographic Information - Metadata</mdStanName><mdStanVer Sync="TRUE">DIS_ESRI1.0</mdStanVer><mdChar><CharSetCd Sync="TRUE" value="004"></CharSetCd></mdChar><mdHrLv><ScopeCd Sync="TRUE" value="005"></ScopeCd></mdHrLv><mdHrLvName Sync="TRUE">dataset</mdHrLvName><distinfo><resdesc Sync="TRUE">Downloadable Data</resdesc><stdorder><digform><digtinfo><transize Sync="TRUE">0.000</transize><dssize Sync="TRUE">0.000</dssize></digtinfo></digform></stdorder></distinfo><distInfo><distributor><distorTran><onLineSrc><orDesc Sync="TRUE">002</orDesc><linkage Sync="TRUE">file://\\tgbpa.com\tgbpa\Datasource\Building and Planning\GIS\GIS Data\Development\Randy\GBPA Data Sets.mdb</linkage><protocol Sync="TRUE">Local Area Network</protocol></onLineSrc><transSize Sync="TRUE">0.000</transSize></distorTran><distorFormat><formatName Sync="TRUE">Personal GeoDatabase Feature Class</formatName></distorFormat></distributor></distInfo><spdoinfo><direct Sync="TRUE">Vector</direct><ptvctinf><esriterm Name="Blocks"><efeatyp Sync="TRUE">Simple</efeatyp><efeageom Sync="TRUE">Polygon</efeageom><esritopo Sync="TRUE">FALSE</esritopo><efeacnt Sync="TRUE">0</efeacnt><spindex Sync="TRUE">TRUE</spindex><linrefer Sync="TRUE">FALSE</linrefer></esriterm><sdtsterm Name="Blocks"><sdtstype Sync="TRUE">G-polygon</sdtstype><ptvctcnt Sync="TRUE">0</ptvctcnt></sdtsterm></ptvctinf></spdoinfo><spref><horizsys><cordsysn><geogcsn Sync="TRUE">GCS_WGS_1984</geogcsn><projcsn Sync="TRUE">WGS_1984_UTM_Zone_17N</projcsn></cordsysn><planar><planci><plance Sync="TRUE">coordinate pair</plance><plandu Sync="TRUE">meters</plandu><coordrep><absres Sync="TRUE">0.000005</absres><ordres Sync="TRUE">0.000005</ordres></coordrep></planci><gridsys><gridsysn Sync="TRUE">Universal Transverse Mercator</gridsysn><utm><utmzone Sync="TRUE">17</utmzone><transmer><sfctrmer Sync="TRUE">0.999600</sfctrmer><longcm Sync="TRUE">-81.000000</longcm><latprjo Sync="TRUE">0.000000</latprjo><feast Sync="TRUE">500000.000000</feast><fnorth Sync="TRUE">0.000000</fnorth></transmer></utm></gridsys></planar><geodetic><horizdn Sync="TRUE">D_WGS_1984</horizdn><ellips Sync="TRUE">WGS_1984</ellips><semiaxis Sync="TRUE">6378137.000000</semiaxis><denflat Sync="TRUE">298.257224</denflat></geodetic></horizsys><vertdef><altsys><altenc Sync="TRUE">Explicit elevation coordinate included with horizontal coordinates</altenc><altres Sync="TRUE">0.000100</altres></altsys></vertdef></spref><refSysInfo><RefSystem><refSysID><identCode Sync="TRUE">WGS_1984_UTM_Zone_17N</identCode></refSysID></RefSystem></refSysInfo><spatRepInfo><VectSpatRep><topLvl><TopoLevCd Sync="TRUE" value="001"></TopoLevCd></topLvl><geometObjs Name="Blocks"><geoObjTyp><GeoObjTypCd Sync="TRUE" value="001"></GeoObjTypCd></geoObjTyp><geoObjCnt Sync="TRUE">0</geoObjCnt></geometObjs></VectSpatRep></spatRepInfo><eainfo><detailed Name="Blocks"><attr><attrlabl Sync="TRUE">Shape_Area</attrlabl><attalias Sync="TRUE">Shape_Area</attalias><attrtype Sync="TRUE">Double</attrtype><attwidth Sync="TRUE">8</attwidth><atprecis Sync="TRUE">0</atprecis><attscale Sync="TRUE">0</attscale><attrdef Sync="TRUE">Area of feature in internal units squared.</attrdef><attrdefs Sync="TRUE">ESRI</attrdefs><attrdomv><udom Sync="TRUE">Positive real numbers that are automatically generated.</udom></attrdomv></attr><enttyp><enttypl Sync="TRUE">Blocks</enttypl><enttypt Sync="TRUE">Feature Class</enttypt><enttypc Sync="TRUE">0</enttypc></enttyp><attr><attrlabl Sync="TRUE">OBJECTID</attrlabl><attalias Sync="TRUE">OBJECTID</attalias><attrtype Sync="TRUE">OID</attrtype><attwidth Sync="TRUE">4</attwidth><atprecis Sync="TRUE">0</atprecis><attscale Sync="TRUE">0</attscale><attrdef Sync="TRUE">Internal feature number.</attrdef><attrdefs Sync="TRUE">ESRI</attrdefs><attrdomv><udom Sync="TRUE">Sequential unique whole numbers that are automatically generated.</udom></attrdomv></attr><attr><attrlabl Sync="TRUE">Shape</attrlabl><attalias Sync="TRUE">Shape</attalias><attrtype Sync="TRUE">Number</attrtype><attwidth Sync="TRUE">9</attwidth><attrdef Sync="TRUE">Feature geometry.</attrdef><attrdefs Sync="TRUE">ESRI</attrdefs><attrdomv><udom Sync="TRUE">Coordinates defining the features.</udom></attrdomv></attr><attr><attrlabl Sync="TRUE">Subdiv</attrlabl><attalias Sync="TRUE">Subdiv</attalias><attrtype Sync="TRUE">String</attrtype><attwidth Sync="TRUE">50</attwidth><attrdef>Subdivision as per legal description</attrdef><attrdefs>Survey Data</attrdefs></attr><attr><attrlabl Sync="TRUE">Block</attrlabl><attalias Sync="TRUE">Block</attalias><attrtype Sync="TRUE">String</attrtype><attwidth Sync="TRUE">50</attwidth><attrdef>Block number as per Survey</attrdef><attrdefs>Survey</attrdefs></attr><attr><attrlabl Sync="TRUE">Unit</attrlabl><attalias Sync="TRUE">Unit</attalias><attrtype Sync="TRUE">String</attrtype><attwidth Sync="TRUE">20</attwidth><attrdef>Unit Number as per survey</attrdef><attrdefs>Survey</attrdefs></attr><attr><attrlabl Sync="TRUE">Shape_Length</attrlabl><attalias Sync="TRUE">Shape_Length</attalias><attrtype Sync="TRUE">Double</attrtype><attwidth Sync="TRUE">8</attwidth><atprecis Sync="TRUE">0</atprecis><attscale Sync="TRUE">0</attscale><attrdef Sync="TRUE">Length of feature in internal units.</attrdef><attrdefs Sync="TRUE">ESRI</attrdefs><attrdomv><udom Sync="TRUE">Positive real numbers that are automatically generated.</udom></attrdomv></attr></detailed></eainfo><mdDateSt Sync="TRUE">20101117</mdDateSt><dataqual><posacc><horizpa><qhorizpa><horizpav>10m</horizpav></qhorizpa><horizpar>The data can be as coarse as 10m due to rectification of 1:600 scale maps for parcel boundaries in some areas</horizpar></horizpa></posacc><lineage><srcinfo><srcscale>GBPA Survey Maps</srcscale><typesrc>paper</typesrc></srcinfo><srcinfo><srcscale>GBPA 1:600 Scale Maps</srcscale><typesrc>paper</typesrc></srcinfo><procstep><procdesc Sync="TRUE">Dataset copied.</procdesc><srcused Sync="TRUE">\\DESMOND-PC\C$\Users\Desmond\GIS\Infrastructure-Working.gdb</srcused><date Sync="TRUE">20070529</date><time Sync="TRUE">12255600</time></procstep><procstep><procdesc Sync="TRUE">Dataset copied.</procdesc><srcused Sync="TRUE">\\DCARROLL\C$\GIS Data\Infrastructure-Working.gdb</srcused><date Sync="TRUE">20071211</date><time Sync="TRUE">13360200</time></procstep><procstep><procdesc Sync="TRUE">Dataset copied.</procdesc><srcused Sync="TRUE">\\OPTIPLEXUSERMAC\C$\Data\Infrastructure.gdb</srcused><date Sync="TRUE">20081030</date><time Sync="TRUE">10395700</time></procstep></lineage><attracc><attraccr>The GBPA Legal Description of a land parcel as layed out in survey is included in the attribute table. All resubdivides have been included.
</attraccr></attracc></dataqual></metadata>
