<?xml version="1.0" encoding="UTF-8"?>
<metadata xml:lang="en"><Esri><CreaDate>20171208</CreaDate><CreaTime>15243200</CreaTime><ArcGISFormat>1.0</ArcGISFormat><SyncOnce>FALSE</SyncOnce><DataProperties><lineage><Process ToolSource="c:\program files (x86)\arcgis\desktop10.3\ArcToolbox\Toolboxes\Data Management Tools.tbx\CalculateField" Date="20170228" Time="152734" Name="" export="">CalculateField Addresses StreetName "Cook" VB #</Process><Process ToolSource="c:\program files (x86)\arcgis\desktop10.3\ArcToolbox\Toolboxes\Data Management Tools.tbx\CalculateField" Date="20170228" Time="152743" Name="" export="">CalculateField Addresses Suffix "Close" VB #</Process><Process ToolSource="c:\program files (x86)\arcgis\desktop10.3\ArcToolbox\Toolboxes\Data Management Tools.tbx\CalculateField" Date="20170228" Time="152759" Name="" export="">CalculateField Addresses FullStName "Cook Close" VB #</Process><Process ToolSource="c:\program files (x86)\arcgis\desktop10.3\ArcToolbox\Toolboxes\Data Management Tools.tbx\CalculateField" Date="20170228" Time="153154" Name="" export="">CalculateField Addresses BlkNumber "1" VB #</Process><Process ToolSource="c:\program files (x86)\arcgis\desktop10.3\ArcToolbox\Toolboxes\Data Management Tools.tbx\CalculateField" Date="20170228" Time="153352" Name="" export="">CalculateField Addresses Address "[BlkNumber] +"-" + [ParcelNumber]" VB #</Process><Process ToolSource="c:\program files (x86)\arcgis\desktop10.3\ArcToolbox\Toolboxes\Data Management Tools.tbx\CalculateField" Date="20170228" Time="153417" Name="" export="">CalculateField Addresses Address "[BlkNumber] +"-" + [ParcelNumber] +" " + [FullStName]" VB #</Process><Process ToolSource="c:\program files (x86)\arcgis\desktop10.3\ArcToolbox\Toolboxes\Data Management Tools.tbx\CalculateField" Date="20170228" Time="154033" Name="" export="">CalculateField Addresses StreetName "Cook" VB #</Process><Process ToolSource="c:\program files (x86)\arcgis\desktop10.3\ArcToolbox\Toolboxes\Data Management Tools.tbx\CalculateField" Date="20170228" Time="154051" Name="" export="">CalculateField Addresses Suffix "Court" VB #</Process><Process ToolSource="c:\program files (x86)\arcgis\desktop10.3\ArcToolbox\Toolboxes\Data Management Tools.tbx\CalculateField" Date="20170228" Time="154118" Name="" export="">CalculateField Addresses BlkNumber "1" VB #</Process><Process ToolSource="c:\program files (x86)\arcgis\desktop10.3\ArcToolbox\Toolboxes\Data Management Tools.tbx\CalculateField" Date="20170228" Time="154147" Name="" export="">CalculateField Addresses FullStName "[StreetName] + [Suffix]" VB #</Process><Process ToolSource="c:\program files (x86)\arcgis\desktop10.3\ArcToolbox\Toolboxes\Data Management Tools.tbx\CalculateField" Date="20170228" Time="154157" Name="" export="">CalculateField Addresses FullStName "[StreetName] +" " + [Suffix]" VB #</Process><Process ToolSource="c:\program files (x86)\arcgis\desktop10.3\ArcToolbox\Toolboxes\Data Management Tools.tbx\CalculateField" Date="20170228" Time="154251" Name="" export="">CalculateField Addresses Address "[BlkNumber] +"-" + [ParcelNumber] +" " + [FullStName]" VB #</Process><Process ToolSource="c:\program files (x86)\arcgis\desktop10.3\ArcToolbox\Toolboxes\Data Management Tools.tbx\CalculateField" Date="20170228" Time="154401" Name="" export="">CalculateField Addresses BlkNumber "1" VB #</Process><Process ToolSource="c:\program files (x86)\arcgis\desktop10.3\ArcToolbox\Toolboxes\Data Management Tools.tbx\CalculateField" Date="20170228" Time="154947" Name="" export="">CalculateField Addresses StreetName "Magellin" VB #</Process><Process ToolSource="c:\program files (x86)\arcgis\desktop10.3\ArcToolbox\Toolboxes\Data Management Tools.tbx\CalculateField" Date="20170228" Time="155008" Name="" export="">CalculateField Addresses StreetName "Magellan" VB #</Process><Process ToolSource="c:\program files (x86)\arcgis\desktop10.3\ArcToolbox\Toolboxes\Data Management Tools.tbx\CalculateField" Date="20170228" Time="155058" Name="" export="">CalculateField Addresses Suffix "Drive" VB #</Process><Process ToolSource="c:\program files (x86)\arcgis\desktop10.3\ArcToolbox\Toolboxes\Data Management Tools.tbx\CalculateField" Date="20170228" Time="155129" Name="" export="">CalculateField Addresses FullStName "[StreetName] +" "+ [Suffix]" VB #</Process><Process ToolSource="c:\program files (x86)\arcgis\desktop10.3\ArcToolbox\Toolboxes\Data Management Tools.tbx\CalculateField" Date="20170228" Time="161413" Name="" export="">CalculateField Addresses BlkNumber "1" VB #</Process><Process ToolSource="c:\program files (x86)\arcgis\desktop10.3\ArcToolbox\Toolboxes\Data Management Tools.tbx\CalculateField" Date="20170228" Time="161440" Name="" export="">CalculateField Addresses BlkNumber "2" VB #</Process><Process ToolSource="c:\program files (x86)\arcgis\desktop10.3\ArcToolbox\Toolboxes\Data Management Tools.tbx\CalculateField" Date="20170228" Time="161457" Name="" export="">CalculateField Addresses BlkNumber "3" VB #</Process><Process ToolSource="c:\program files (x86)\arcgis\desktop10.3\ArcToolbox\Toolboxes\Data Management Tools.tbx\CalculateField" Date="20170228" Time="161843" Name="" export="">CalculateField Addresses Address "[BlkNumber] +"-" + [ParcelNumber] +" " + [FullStName]" VB #</Process><Process ToolSource="c:\program files (x86)\arcgis\desktop10.3\ArcToolbox\Toolboxes\Data Management Tools.tbx\CalculateField" Date="20170228" Time="161940" Name="" export="">CalculateField Addresses BlkNumber "3" VB #</Process><Process ToolSource="c:\program files (x86)\arcgis\desktop10.3\ArcToolbox\Toolboxes\Data Management Tools.tbx\CalculateField" Date="20170228" Time="162141" Name="" export="">CalculateField Addresses BlkNumber "2" VB #</Process><Process ToolSource="c:\program files (x86)\arcgis\desktop10.3\ArcToolbox\Toolboxes\Data Management Tools.tbx\CalculateField" Date="20170228" Time="162208" Name="" export="">CalculateField Addresses StreetName "Magellan" VB #</Process><Process ToolSource="c:\program files (x86)\arcgis\desktop10.3\ArcToolbox\Toolboxes\Data Management Tools.tbx\CalculateField" Date="20170228" Time="162218" Name="" export="">CalculateField Addresses Suffix "Close" VB #</Process><Process ToolSource="c:\program files (x86)\arcgis\desktop10.3\ArcToolbox\Toolboxes\Data Management Tools.tbx\CalculateField" Date="20170228" Time="162315" Name="" export="">CalculateField Addresses FullStName "[StreetName] + [Suffix]" VB #</Process><Process ToolSource="c:\program files (x86)\arcgis\desktop10.3\ArcToolbox\Toolboxes\Data Management Tools.tbx\CalculateField" Date="20170228" Time="162531" Name="" export="">CalculateField Addresses FullStName "[StreetName] +" "+ [Suffix]" VB #</Process><Process ToolSource="c:\program files (x86)\arcgis\desktop10.3\ArcToolbox\Toolboxes\Data Management Tools.tbx\CalculateField" Date="20170228" Time="162539" Name="" export="">CalculateField Addresses Address "[BlkNumber] +"-" + [ParcelNumber] +" " + [FullStName]" VB #</Process><Process ToolSource="c:\program files (x86)\arcgis\desktop10.3\ArcToolbox\Toolboxes\Data Management Tools.tbx\CalculateField" Date="20170228" Time="162655" Name="" export="">CalculateField Addresses BlkNumber "1" VB #</Process><Process ToolSource="c:\program files (x86)\arcgis\desktop10.3\ArcToolbox\Toolboxes\Data Management Tools.tbx\CalculateField" Date="20170228" Time="162851" Name="" export="">CalculateField Addresses StreetName "Magellan" VB #</Process><Process ToolSource="c:\program files (x86)\arcgis\desktop10.3\ArcToolbox\Toolboxes\Data Management Tools.tbx\CalculateField" Date="20170228" Time="162901" Name="" export="">CalculateField Addresses Suffix "Street" VB #</Process><Process ToolSource="c:\program files (x86)\arcgis\desktop10.3\ArcToolbox\Toolboxes\Data Management Tools.tbx\CalculateField" Date="20170228" Time="162911" Name="" export="">CalculateField Addresses FullStName "[StreetName] +" "+ [Suffix]" VB #</Process><Process ToolSource="c:\program files (x86)\arcgis\desktop10.3\ArcToolbox\Toolboxes\Data Management Tools.tbx\CalculateField" Date="20170228" Time="162919" Name="" export="">CalculateField Addresses Address "[BlkNumber] +"-" + [ParcelNumber] +" " + [FullStName]" VB #</Process><Process ToolSource="c:\program files (x86)\arcgis\desktop10.3\ArcToolbox\Toolboxes\Data Management Tools.tbx\CalculateField" Date="20170228" Time="162954" Name="" export="">CalculateField Addresses BlkNumber "2" VB #</Process><Process ToolSource="c:\program files (x86)\arcgis\desktop10.3\ArcToolbox\Toolboxes\Data Management Tools.tbx\CalculateField" Date="20170228" Time="163042" Name="" export="">CalculateField Addresses StreetName "Magellan" VB #</Process><Process ToolSource="c:\program files (x86)\arcgis\desktop10.3\ArcToolbox\Toolboxes\Data Management Tools.tbx\CalculateField" Date="20170228" Time="163055" Name="" export="">CalculateField Addresses Suffix "Lane" VB #</Process><Process ToolSource="c:\program files (x86)\arcgis\desktop10.3\ArcToolbox\Toolboxes\Data Management Tools.tbx\CalculateField" Date="20170228" Time="163107" Name="" export="">CalculateField Addresses FullStName "[StreetName] +" "+ [Suffix]" VB #</Process><Process ToolSource="c:\program files (x86)\arcgis\desktop10.3\ArcToolbox\Toolboxes\Data Management Tools.tbx\CalculateField" Date="20170228" Time="163117" Name="" export="">CalculateField Addresses Address "[BlkNumber] +"-" + [ParcelNumber] +" " + [FullStName]" VB #</Process><Process ToolSource="c:\program files (x86)\arcgis\desktop10.3\ArcToolbox\Toolboxes\Data Management Tools.tbx\CalculateField" Date="20170228" Time="164619" Name="" export="">CalculateField Addresses Address "[BlkNumber] +"-" + [ParcelNumber] +" " + [FullStName]" VB #</Process><Process ToolSource="c:\program files (x86)\arcgis\desktop10.3\ArcToolbox\Toolboxes\Data Management Tools.tbx\CalculateField" Date="20170228" Time="165429" Name="" export="">CalculateField Addresses FullStName "[StreetName] +" "+ [Suffix]" VB #</Process><Process ToolSource="c:\program files (x86)\arcgis\desktop10.3\ArcToolbox\Toolboxes\Data Management Tools.tbx\CalculateField" Date="20170228" Time="165445" Name="" export="">CalculateField Addresses Address "[BlkNumber] +"-" + [ParcelNumber] +" " + [FullStName]" VB #</Process><Process ToolSource="c:\program files (x86)\arcgis\desktop10.3\ArcToolbox\Toolboxes\Data Management Tools.tbx\CalculateField" Date="20170228" Time="165509" Name="" export="">CalculateField Addresses Address " [ParcelNumber] +" " + [FullStName]" VB #</Process><Process ToolSource="c:\program files (x86)\arcgis\desktop10.3\ArcToolbox\Toolboxes\Data Management Tools.tbx\CalculateField" Date="20170228" Time="165651" Name="" export="">CalculateField Addresses BlkNumber "1" VB #</Process><Process ToolSource="c:\program files (x86)\arcgis\desktop10.3\ArcToolbox\Toolboxes\Data Management Tools.tbx\CalculateField" Date="20170301" Time="095531" Name="" export="">CalculateField Addresses BlkNumber "3" VB #</Process><Process ToolSource="c:\program files (x86)\arcgis\desktop10.3\ArcToolbox\Toolboxes\Data Management Tools.tbx\CalculateField" Date="20170301" Time="095556" Name="" export="">CalculateField Addresses StreetName "Magellan" VB #</Process><Process ToolSource="c:\program files (x86)\arcgis\desktop10.3\ArcToolbox\Toolboxes\Data Management Tools.tbx\CalculateField" Date="20170301" Time="095608" Name="" export="">CalculateField Addresses Suffix "Drive" VB #</Process><Process ToolSource="c:\program files (x86)\arcgis\desktop10.3\ArcToolbox\Toolboxes\Data Management Tools.tbx\CalculateField" Date="20170301" Time="095642" Name="" export="">CalculateField Addresses FullStName "[StreetName] +" "+ [Suffix]" VB #</Process><Process ToolSource="c:\program files (x86)\arcgis\desktop10.3\ArcToolbox\Toolboxes\Data Management Tools.tbx\CalculateField" Date="20170301" Time="095725" Name="" export="">CalculateField Addresses Address "[BlkNumber] +"-" + [ParcelNumber] +" " + [FullStName]" VB #</Process><Process ToolSource="c:\program files (x86)\arcgis\desktop10.3\ArcToolbox\Toolboxes\Data Management Tools.tbx\CalculateField" Date="20170301" Time="095826" Name="" export="">CalculateField Addresses StreetName "Fortune Bay" VB #</Process><Process ToolSource="c:\program files (x86)\arcgis\desktop10.3\ArcToolbox\Toolboxes\Data Management Tools.tbx\CalculateField" Date="20170301" Time="095836" Name="" export="">CalculateField Addresses Suffix "Drive" VB #</Process><Process ToolSource="c:\program files (x86)\arcgis\desktop10.3\ArcToolbox\Toolboxes\Data Management Tools.tbx\CalculateField" Date="20170301" Time="095845" Name="" export="">CalculateField Addresses FullStName "[StreetName] +" "+ [Suffix]" VB #</Process><Process ToolSource="c:\program files (x86)\arcgis\desktop10.3\ArcToolbox\Toolboxes\Data Management Tools.tbx\CalculateField" Date="20170303" Time="091012" Name="" export="">CalculateField Addresses ParcelNumber parcelnumber( !Address!) PYTHON_9.3 "def parcelnumber(address):\n    num = address.split(" ")\n    return num[0]\n    "</Process><Process ToolSource="c:\program files (x86)\arcgis\desktop10.3\ArcToolbox\Toolboxes\Data Management Tools.tbx\CalculateField" Date="20170303" Time="091356" Name="" export="">CalculateField Addresses Address "[BlkNumber] +"-" + [ParcelNumber] +" " + [FullStName]" VB #</Process><Process ToolSource="c:\program files (x86)\arcgis\desktop10.3\ArcToolbox\Toolboxes\Data Management Tools.tbx\CalculateField" Date="20170324" Time="113336" Name="" export="">CalculateField Addresses ParcelNumber parcelnumber( !Address! ) PYTHON_9.3 "def parcelnumber(address):\n    num = ""\n    for add in address.split(" "):\n        if '-' in add:\n            add.split("-")\n            num = add[2]\n        else:\n            num = add[0]\n        return num\n    \n"</Process><Process ToolSource="c:\program files (x86)\arcgis\desktop10.3\ArcToolbox\Toolboxes\Data Management Tools.tbx\CalculateField" Date="20170324" Time="132246" Name="" export="">CalculateField Addresses Address RTrim(  [Address] ) VB #</Process><Process ToolSource="c:\program files (x86)\arcgis\desktop10.3\ArcToolbox\Toolboxes\Data Management Tools.tbx\CalculateField" Date="20170324" Time="132804" Name="" export="">CalculateField Addresses AddressNum addressnumber( !Address! ) PYTHON_9.3 "def addressnumber(address):\n    num = address.split(" ")\n    return num[0]\n    \n\n"</Process><Process ToolSource="c:\program files (x86)\arcgis\desktop10.3\ArcToolbox\Toolboxes\Data Management Tools.tbx\CalculateField" Date="20170324" Time="135849" Name="" export="">CalculateField Addresses AddressNum addressnumber( !Address! ) PYTHON_9.3 "def addressnumber(address):\n    num = address.split(" ")\n    return num[0]\n    \n\n\n"</Process><Process ToolSource="c:\program files (x86)\arcgis\desktop10.3\ArcToolbox\Toolboxes\Data Management Tools.tbx\CalculateField" Date="20170324" Time="145647" Name="" export="">CalculateField Addresses AddressNum !AddressNum!.strip() PYTHON_9.3 #</Process><Process ToolSource="c:\program files (x86)\arcgis\desktop10.3\ArcToolbox\Toolboxes\Data Management Tools.tbx\CalculateField" Date="20170324" Time="151156" Name="" export="">CalculateField Addresses BlkNumber blknum( !AddressNum! ) PYTHON_9.3 "def blknum(addnum):\n    parcel = ""\n    pos = 0\n    if '-' in addnum:\n        pos = addnum.index("-")\n        parcel = addnum[0:pos]        \n    else:\n        parcel = ""\n    return parcel\n    \n\n\n\n\n"</Process><Process ToolSource="c:\program files (x86)\arcgis\desktop10.3\ArcToolbox\Toolboxes\Data Management Tools.tbx\CalculateField" Date="20170324" Time="151641" Name="" export="">CalculateField Addresses ParcelNumber addressnum( !AddressNum! ) PYTHON_9.3 "def addressnum(addnum):\n    parcel = ""\n    pos = 0\n    if '-' in addnum:\n        pos = addnum.index("-")\n        parcel = addnum[(pos+1):-1]        \n    else:\n        parcel = addnum[0]\n    return parcel\n    \n\n\n\n\n"</Process><Process ToolSource="c:\program files (x86)\arcgis\desktop10.3\ArcToolbox\Toolboxes\Data Management Tools.tbx\CalculateField" Date="20170324" Time="151804" Name="" export="">CalculateField Addresses ParcelNumber addressnum( !AddressNum! ) PYTHON_9.3 "def addressnum(addnum):\n    parcel = ""\n    pos = 0\n    if '-' in addnum:\n        pos = addnum.index("-")\n        parcel = addnum[(pos+1):]        \n    else:\n        parcel = addnum[0]\n    return parcel\n    \n\n\n\n\n"</Process><Process ToolSource="c:\program files (x86)\arcgis\desktop10.3\ArcToolbox\Toolboxes\Data Management Tools.tbx\CalculateField" Date="20170324" Time="155316" Name="" export="">CalculateField Addresses FullStName stname( !Address! ) PYTHON_9.3 "def stname(address):\n    address2 = address.split(" ", 1)\n    return address2[1]\n\n\n\n\n"</Process><Process ToolSource="c:\program files (x86)\arcgis\desktop10.3\ArcToolbox\Toolboxes\Data Management Tools.tbx\CalculateField" Date="20170324" Time="155514" Name="" export="">CalculateField Addresses Address !Address!.strip() PYTHON_9.3 #</Process><Process ToolSource="c:\program files (x86)\arcgis\desktop10.3\ArcToolbox\Toolboxes\Data Management Tools.tbx\CalculateField" Date="20170324" Time="155538" Name="" export="">CalculateField Addresses FullStName !FullStName!.strip() PYTHON_9.3 #</Process><Process ToolSource="c:\program files (x86)\arcgis\desktop10.3\ArcToolbox\Toolboxes\Data Management Tools.tbx\CalculateField" Date="20170324" Time="160850" Name="" export="">CalculateField Addresses Suffix stsuffix( !FullStName! ) PYTHON_9.3 "def stsuffix(street):\n    street2 = street.split(" ")\n    return street2[-1]\n\n\n\n\n\n"</Process><Process ToolSource="c:\program files (x86)\arcgis\desktop10.3\ArcToolbox\Toolboxes\Data Management Tools.tbx\CalculateField" Date="20170324" Time="161647" Name="" export="">CalculateField Addresses StreetName getStreet( !Address! ) PYTHON_9.3 "def getStreet(address):\n    street1 = address.split(" ",- 1)\n    return street1[0]\n\n\n\n\n\n"</Process><Process ToolSource="c:\program files (x86)\arcgis\desktop10.3\ArcToolbox\Toolboxes\Data Management Tools.tbx\CalculateField" Date="20170324" Time="161738" Name="" export="">CalculateField Addresses StreetName getStreet( !FullStName! ) PYTHON_9.3 "def getStreet(fullstreet):\n    street1 = fullstreet.split(" ",- 1)\n    return street1[0]\n\n\n\n\n\n"</Process><Process ToolSource="c:\program files (x86)\arcgis\desktop10.3\ArcToolbox\Toolboxes\Data Management Tools.tbx\CalculateField" Date="20170324" Time="163830" Name="" export="">CalculateField Addresses StreetName getStreet( !FullStName! ) PYTHON_9.3 "def getStreet(fullstreet):\n    street1 = fullstreet.rsplit(" ",1)\n    return street1[0]\n\n\n\n\n"</Process><Process ToolSource="c:\program files (x86)\arcgis\desktop10.3\ArcToolbox\Toolboxes\Data Management Tools.tbx\CalculateField" Date="20170328" Time="091840" Name="" export="">CalculateField Addresses Prefix getPrefix( !StreetName! ) PYTHON_9.3 "def getPrefix(stname):\n    prefix = stname.split(" ")\n    return prefix[0]\n\n\n\n\n\n"</Process><Process ToolSource="c:\program files (x86)\arcgis\desktop10.3\ArcToolbox\Toolboxes\Data Management Tools.tbx\CalculateField" Date="20170328" Time="094814" Name="" export="">CalculateField Addresses BlkNumber "B" PYTHON_9.3 #</Process><Process ToolSource="c:\program files (x86)\arcgis\desktop10.3\ArcToolbox\Toolboxes\Data Management Tools.tbx\CalculateField" Date="20170328" Time="094835" Name="" export="">CalculateField Addresses Prefix "East" PYTHON_9.3 #</Process><Process ToolSource="c:\program files (x86)\arcgis\desktop10.3\ArcToolbox\Toolboxes\Data Management Tools.tbx\CalculateField" Date="20170328" Time="094848" Name="" export="">CalculateField Addresses StreetName "Doubloon" PYTHON_9.3 #</Process><Process ToolSource="c:\program files (x86)\arcgis\desktop10.3\ArcToolbox\Toolboxes\Data Management Tools.tbx\CalculateField" Date="20170328" Time="094859" Name="" export="">CalculateField Addresses Suffix "Road" PYTHON_9.3 #</Process><Process ToolSource="c:\program files (x86)\arcgis\desktop10.3\ArcToolbox\Toolboxes\Data Management Tools.tbx\CalculateField" Date="20170328" Time="094929" Name="" export="">CalculateField Addresses FullStName "[Prefix] + " " +[StreetName] +" "+ [Suffix]" VB #</Process><Process ToolSource="c:\program files (x86)\arcgis\desktop10.3\ArcToolbox\Toolboxes\Data Management Tools.tbx\CalculateField" Date="20170328" Time="095836" Name="" export="">CalculateField Addresses BlkNumber "B" VB #</Process><Process ToolSource="c:\program files (x86)\arcgis\desktop10.3\ArcToolbox\Toolboxes\Data Management Tools.tbx\CalculateField" Date="20170328" Time="095929" Name="" export="">CalculateField Addresses FullStName "[Prefix] + " " + [StreetName] +" "+ [Suffix]" VB #</Process><Process ToolSource="c:\program files (x86)\arcgis\desktop10.3\ArcToolbox\Toolboxes\Data Management Tools.tbx\CalculateField" Date="20170328" Time="100059" Name="" export="">CalculateField Addresses Prefix "East" VB #</Process><Process ToolSource="c:\program files (x86)\arcgis\desktop10.3\ArcToolbox\Toolboxes\Data Management Tools.tbx\CalculateField" Date="20170328" Time="100108" Name="" export="">CalculateField Addresses StreetName "Doubloon" VB #</Process><Process ToolSource="c:\program files (x86)\arcgis\desktop10.3\ArcToolbox\Toolboxes\Data Management Tools.tbx\CalculateField" Date="20170328" Time="100116" Name="" export="">CalculateField Addresses Suffix "Road" VB #</Process><Process ToolSource="c:\program files (x86)\arcgis\desktop10.3\ArcToolbox\Toolboxes\Data Management Tools.tbx\CalculateField" Date="20170328" Time="100131" Name="" export="">CalculateField Addresses FullStName "[Prefix] + " "+[StreetName] +" "+ [Suffix]" VB #</Process><Process ToolSource="c:\program files (x86)\arcgis\desktop10.3\ArcToolbox\Toolboxes\Data Management Tools.tbx\CalculateField" Date="20170328" Time="100202" Name="" export="">CalculateField Addresses AltName Shoreline VB #</Process><Process ToolSource="c:\program files (x86)\arcgis\desktop10.3\ArcToolbox\Toolboxes\Data Management Tools.tbx\CalculateField" Date="20170328" Time="100217" Name="" export="">CalculateField Addresses AltName "Shoreline" VB #</Process><Process ToolSource="c:\program files (x86)\arcgis\desktop10.3\ArcToolbox\Toolboxes\Data Management Tools.tbx\CalculateField" Date="20170328" Time="100310" Name="" export="">CalculateField Addresses Address ""Shoreline-" + [ParcelNumber]+ " " + [FullStName]" VB #</Process><Process ToolSource="c:\program files (x86)\arcgis\desktop10.3\ArcToolbox\Toolboxes\Data Management Tools.tbx\CalculateField" Date="20170328" Time="100432" Name="" export="">CalculateField Addresses AddressNum "[BlkNumber] +"-" + [ParcelNumber]" VB #</Process><Process ToolSource="c:\program files (x86)\arcgis\desktop10.3\ArcToolbox\Toolboxes\Data Management Tools.tbx\CalculateField" Date="20170330" Time="122309" Name="" export="">CalculateField Addresses BlkNumber "B" VB #</Process><Process ToolSource="c:\program files (x86)\arcgis\desktop10.3\ArcToolbox\Toolboxes\Data Management Tools.tbx\CalculateField" Date="20170330" Time="123145" Name="" export="">CalculateField Addresses Prefix "East" VB #</Process><Process ToolSource="c:\program files (x86)\arcgis\desktop10.3\ArcToolbox\Toolboxes\Data Management Tools.tbx\CalculateField" Date="20170330" Time="123216" Name="" export="">CalculateField Addresses StreetName "Doubloon" VB #</Process><Process ToolSource="c:\program files (x86)\arcgis\desktop10.3\ArcToolbox\Toolboxes\Data Management Tools.tbx\CalculateField" Date="20170330" Time="123226" Name="" export="">CalculateField Addresses Suffix "Road" VB #</Process><Process ToolSource="c:\program files (x86)\arcgis\desktop10.3\ArcToolbox\Toolboxes\Data Management Tools.tbx\CalculateField" Date="20170330" Time="123252" Name="" export="">CalculateField Addresses FullStName "[Prefix] +" "+ [StreetName] +" "+ [Suffix]" VB #</Process><Process ToolSource="c:\program files (x86)\arcgis\desktop10.3\ArcToolbox\Toolboxes\Data Management Tools.tbx\CalculateField" Date="20170330" Time="123312" Name="" export="">CalculateField Addresses AltName "Shoreline" VB #</Process><Process ToolSource="c:\program files (x86)\arcgis\desktop10.3\ArcToolbox\Toolboxes\Data Management Tools.tbx\CalculateField" Date="20170331" Time="152201" Name="" export="">CalculateField Addresses Address "[AltName] +"-"+ [ParcelNumber] +" "+ [FullStName]" VB #</Process><Process ToolSource="c:\program files (x86)\arcgis\desktop10.3\ArcToolbox\Toolboxes\Data Management Tools.tbx\CalculateField" Date="20170331" Time="152238" Name="" export="">CalculateField Addresses AddressNum "[BlkNumber] +"-" + [ParcelNumber]" VB #</Process><Process ToolSource="c:\program files (x86)\arcgis\desktop10.3\ArcToolbox\Toolboxes\Data Management Tools.tbx\CalculateField" Date="20170331" Time="153542" Name="" export="">CalculateField Addresses Prefix "East" VB #</Process><Process ToolSource="c:\program files (x86)\arcgis\desktop10.3\ArcToolbox\Toolboxes\Data Management Tools.tbx\CalculateField" Date="20170331" Time="153611" Name="" export="">CalculateField Addresses FullStName "[Prefix] +" " + [StreetName] +" " + [Suffix]" VB #</Process><Process ToolSource="c:\program files (x86)\arcgis\desktop10.3\ArcToolbox\Toolboxes\Data Management Tools.tbx\CalculateField" Date="20170331" Time="153644" Name="" export="">CalculateField Addresses Address "[AddressNum] +" " + [FullStName]" VB #</Process><Process ToolSource="c:\program files (x86)\arcgis\desktop10.3\ArcToolbox\Toolboxes\Data Management Tools.tbx\CalculateField" Date="20170331" Time="154555" Name="" export="">CalculateField Addresses Prefix "West" VB #</Process><Process ToolSource="c:\program files (x86)\arcgis\desktop10.3\ArcToolbox\Toolboxes\Data Management Tools.tbx\CalculateField" Date="20170331" Time="154615" Name="" export="">CalculateField Addresses FullStName "[Prefix]  +" "+[StreetName] +" "+ [Suffix]" VB #</Process><Process ToolSource="c:\program files (x86)\arcgis\desktop10.3\ArcToolbox\Toolboxes\Data Management Tools.tbx\CalculateField" Date="20170331" Time="154629" Name="" export="">CalculateField Addresses Address "[AddressNum] +" "+ [FullStName]" VB #</Process><Process ToolSource="c:\program files (x86)\arcgis\desktop10.3\ArcToolbox\Toolboxes\Data Management Tools.tbx\CalculateField" Date="20170331" Time="154846" Name="" export="">CalculateField Addresses FullStName "[Prefix]  +" "+[StreetName] +" "+ [Suffix]" VB #</Process><Process ToolSource="c:\program files (x86)\arcgis\desktop10.3\ArcToolbox\Toolboxes\Data Management Tools.tbx\CalculateField" Date="20170331" Time="154905" Name="" export="">CalculateField Addresses Address "[AddressNum] +" "+ [FullStName]" VB #</Process><Process ToolSource="c:\program files (x86)\arcgis\desktop10.3\ArcToolbox\Toolboxes\Data Management Tools.tbx\CalculateField" Date="20170331" Time="154922" Name="" export="">CalculateField Addresses Address "[ParcelNumber] +" "+ [FullStName]" VB #</Process><Process ToolSource="c:\program files (x86)\arcgis\desktop10.3\ArcToolbox\Toolboxes\Data Management Tools.tbx\CalculateField" Date="20170331" Time="154931" Name="" export="">CalculateField Addresses AddressNum "[ParcelNumber] " VB #</Process><Process ToolSource="c:\program files (x86)\arcgis\desktop10.3\ArcToolbox\Toolboxes\Data Management Tools.tbx\CalculateField" Date="20170601" Time="152859" Name="" export="">CalculateField Addresses FullStName "[Prefix] +" "+[StreetName] +" "+ [Suffix]" VB #</Process><Process ToolSource="c:\program files (x86)\arcgis\desktop10.3\ArcToolbox\Toolboxes\Data Management Tools.tbx\CalculateField" Date="20170601" Time="153023" Name="" export="">CalculateField Addresses FullStName LTrim( [FullStName] ) VB #</Process><Process ToolSource="c:\program files (x86)\arcgis\desktop10.3\ArcToolbox\Toolboxes\Data Management Tools.tbx\CalculateField" Date="20170601" Time="153412" Name="" export="">CalculateField Addresses AddressNum "[BlkNumber]+"-"+ [ParcelNumber]" VB #</Process><Process ToolSource="c:\program files (x86)\arcgis\desktop10.3\ArcToolbox\Toolboxes\Data Management Tools.tbx\CalculateField" Date="20170601" Time="153534" Name="" export="">CalculateField Addresses Address "[BlkNumber]+"-"+ [ParcelNumber]+" "+ [FullStName]" VB #</Process><Process ToolSource="c:\program files (x86)\arcgis\desktop10.3\ArcToolbox\Toolboxes\Data Management Tools.tbx\CalculateField" Date="20170601" Time="162454" Name="" export="">CalculateField Addresses Address !Address![1:] PYTHON_9.3 #</Process><Process ToolSource="c:\program files (x86)\arcgis\desktop10.3\ArcToolbox\Toolboxes\Data Management Tools.tbx\CalculateField" Date="20170601" Time="162517" Name="" export="">CalculateField Addresses AddressNum "!AddressNum! [1:]" PYTHON_9.3 #</Process><Process ToolSource="c:\program files (x86)\arcgis\desktop10.3\ArcToolbox\Toolboxes\Data Management Tools.tbx\CalculateField" Date="20170601" Time="162606" Name="" export="">CalculateField Addresses BlkNumber "" PYTHON_9.3 #</Process><Process ToolSource="c:\program files (x86)\arcgis\desktop10.3\ArcToolbox\Toolboxes\Data Management Tools.tbx\CalculateField" Date="20170601" Time="163246" Name="" export="">CalculateField Addresses AddressNum [ParcelNumber] VB #</Process><Process ToolSource="c:\program files (x86)\arcgis\desktop10.3\ArcToolbox\Toolboxes\Data Management Tools.tbx\CalculateField" Date="20170601" Time="163534" Name="" export="">CalculateField Addresses StreetName !StreetName!.replace(".","") PYTHON_9.3 #</Process><Process ToolSource="c:\program files (x86)\arcgis\desktop10.3\ArcToolbox\Toolboxes\Data Management Tools.tbx\CalculateField" Date="20170601" Time="163547" Name="" export="">CalculateField Addresses FullStName "!FullStName! .replace(".","")" PYTHON_9.3 #</Process><Process ToolSource="c:\program files (x86)\arcgis\desktop10.3\ArcToolbox\Toolboxes\Data Management Tools.tbx\CalculateField" Date="20170601" Time="163601" Name="" export="">CalculateField Addresses Address "!Address! .replace(".","")" PYTHON_9.3 #</Process><Process ToolSource="c:\program files (x86)\arcgis\desktop10.3\ArcToolbox\Toolboxes\Data Management Tools.tbx\CalculateField" Date="20170601" Time="163629" Name="" export="">CalculateField Addresses Address "!AddressNum! +" " + !FullStName!" PYTHON_9.3 #</Process><Process ToolSource="c:\program files (x86)\arcgis\desktop10.3\ArcToolbox\Toolboxes\Data Management Tools.tbx\CalculateField" Date="20170606" Time="165650" Name="" export="">CalculateField Addresses AddressNum addnum( !BlkNumber!, !ParcelNumber!) PYTHON_9.3 "def addnum(block_num,parcel):\n    if block_num =="":\n        addressnum = parcel\n    else:\n        addressnum = block_num + "-" + parcel\n    return addressnum"</Process><Process ToolSource="c:\program files (x86)\arcgis\desktop10.3\ArcToolbox\Toolboxes\Data Management Tools.tbx\CalculateField" Date="20170606" Time="170000" Name="" export="">CalculateField Addresses AddressNum addnum( !BlkNumber!, !ParcelNumber!) PYTHON_9.3 "def addnum(block_num,parcel):\n    if block_num is None:\n        addressnum = parcel\n    else:\n        addressnum = block_num + "-" + parcel\n    return addressnum"</Process><Process ToolSource="c:\program files (x86)\arcgis\desktop10.3\ArcToolbox\Toolboxes\Data Management Tools.tbx\CalculateField" Date="20170606" Time="170105" Name="" export="">CalculateField Addresses Address "[AddressNum] +" " + [FullStName]" VB #</Process><Process ToolSource="c:\program files (x86)\arcgis\desktop10.3\ArcToolbox\Toolboxes\Data Management Tools.tbx\CalculateField" Date="20170607" Time="161438" Name="" export="">CalculateField Addresses ParcelNumber removeZero( !ParcelNumber! ) PYTHON_9.3 "def removeZero(num):\n    newnum = ""\n    if num is None:\n        newnum = ""\n    elif num == "":\n        newnum == ""\n    elif num[0] == "0":\n        newnum == num[1:]\n    else:\n        newnum = num\n    return newnum\n"</Process><Process ToolSource="c:\program files (x86)\arcgis\desktop10.3\ArcToolbox\Toolboxes\Data Management Tools.tbx\CalculateField" Date="20170607" Time="161956" Name="" export="">CalculateField Addresses AddressNum addnum( !BlkNumber!, !ParcelNumber!) PYTHON_9.3 "def addnum(block_num,parcel):\n    if block_num is None or block_num == "":\n        addressnum = parcel\n    else:\n        addressnum = block_num + "-" + parcel\n    return addressnum\n"</Process><Process ToolSource="c:\program files (x86)\arcgis\desktop10.3\ArcToolbox\Toolboxes\Data Management Tools.tbx\CalculateField" Date="20170607" Time="162102" Name="" export="">CalculateField Addresses AddressNum "" VB #</Process><Process ToolSource="c:\program files (x86)\arcgis\desktop10.3\ArcToolbox\Toolboxes\Data Management Tools.tbx\CalculateField" Date="20170608" Time="085312" Name="" export="">CalculateField Addresses AddressNum addressnumber( !Address! ) PYTHON_9.3 "def addressnumber(address):\n    num = address.split(" ")\n    return num[0]\n    \n\n\n"</Process><Process ToolSource="c:\program files (x86)\arcgis\desktop10.3\ArcToolbox\Toolboxes\Data Management Tools.tbx\CalculateField" Date="20170608" Time="085343" Name="" export="">CalculateField Addresses ParcelNumber [AddressNum] VB #</Process><Process ToolSource="c:\program files (x86)\arcgis\desktop10.3\ArcToolbox\Toolboxes\Data Management Tools.tbx\CalculateField" Date="20170608" Time="085834" Name="" export="">CalculateField Addresses AddressNum removeZero( !AddressNum! ) PYTHON_9.3 "def removeZero(num):\n    newnum = ""\n    if num is None:\n        newnum = ""\n    elif num == "":\n        newnum == ""\n    elif num=="-":\n        newnum = num[1:]\n    elif num[0] == "0":\n        newnum == num[1:]\n    else:\n        newnum = num\n    return newnum\n\n"</Process><Process ToolSource="c:\program files (x86)\arcgis\desktop10.3\ArcToolbox\Toolboxes\Data Management Tools.tbx\CalculateField" Date="20170608" Time="090008" Name="" export="">CalculateField Addresses AddressNum LTrim( [AddressNum] ) VB #</Process><Process ToolSource="c:\program files (x86)\arcgis\desktop10.3\ArcToolbox\Toolboxes\Data Management Tools.tbx\CalculateField" Date="20170608" Time="090046" Name="" export="">CalculateField Addresses AddressNum LTrim( [AddressNum] ) VB #</Process><Process ToolSource="c:\program files (x86)\arcgis\desktop10.3\ArcToolbox\Toolboxes\Data Management Tools.tbx\CalculateField" Date="20170608" Time="090119" Name="" export="">CalculateField Addresses AddressNum removeZero( !AddressNum! ) PYTHON_9.3 "def removeZero(num):\n    newnum = ""\n    if num is None:\n        newnum = ""\n    elif num == "":\n        newnum == ""\n    elif num=="-":\n        newnum = num[1:]\n    elif num[0] == "0":\n        newnum == num[1:]\n    else:\n        newnum = num\n    return newnum\n\n\n"</Process><Process ToolSource="c:\program files (x86)\arcgis\desktop10.3\ArcToolbox\Toolboxes\Data Management Tools.tbx\CalculateField" Date="20170608" Time="090141" Name="" export="">CalculateField Addresses AddressNum removeZero( !AddressNum! ) PYTHON_9.3 "def removeZero(num):\n    newnum = ""\n    if num is None:\n        newnum = ""\n    elif num == "":\n        newnum == ""\n    elif num=="-":\n        newnum = num[1:]\n    elif num[0] == "0":\n        newnum == num[1:]\n    else:\n        newnum = num\n    return newnum\n\n\n"</Process><Process ToolSource="c:\program files (x86)\arcgis\desktop10.3\ArcToolbox\Toolboxes\Data Management Tools.tbx\CalculateField" Date="20170608" Time="090455" Name="" export="">CalculateField Addresses AddressNum removeDash( !AddressNum! ) PYTHON_9.3 "def removeDash(num):\n    if num[0] == "-":\n        return num[1:]"</Process><Process ToolSource="c:\program files (x86)\arcgis\desktop10.3\ArcToolbox\Toolboxes\Data Management Tools.tbx\CalculateField" Date="20170608" Time="090607" Name="" export="">CalculateField Addresses AddressNum addnum( !BlkNumber!, !ParcelNumber!) PYTHON_9.3 "def addnum(block_num,parcel):\n    if block_num is None:\n        addressnum = parcel\n    else:\n        addressnum = block_num + "-" + parcel\n    return addressnum\n"</Process><Process ToolSource="c:\program files (x86)\arcgis\desktop10.3\ArcToolbox\Toolboxes\Data Management Tools.tbx\CalculateField" Date="20170608" Time="090711" Name="" export="">CalculateField Addresses AddressNum addnum( !BlkNumber!, !ParcelNumber!) PYTHON_9.3 "def addnum(block_num,parcel):\n    if block_num is None or block_num == "" or block_num == " ":\n        addressnum = parcel\n    else:\n        addressnum = block_num + "-" + parcel\n    return addressnum\n"</Process><Process ToolSource="c:\program files (x86)\arcgis\desktop10.3\ArcToolbox\Toolboxes\Data Management Tools.tbx\CalculateField" Date="20170608" Time="092443" Name="" export="">CalculateField Addresses Address "[AddressNum] +" " + [FullStName]" VB #</Process><Process ToolSource="c:\program files (x86)\arcgis\desktop10.3\ArcToolbox\Toolboxes\Data Management Tools.tbx\CalculateField" Date="20170619" Time="104952" Name="" export="">CalculateField Addresses AddID autoIncrement() PYTHON_9.3 "count =1\n\ndef autoIncrement(): \n    global count\n    count += 1  \n    return count\n\n"</Process><Process ToolSource="c:\program files (x86)\arcgis\desktop10.3\ArcToolbox\Toolboxes\Data Management Tools.tbx\CalculateField" Date="20170619" Time="105208" Name="" export="">CalculateField Addresses AddID "!AddID! .ljust(7,'0')
" PYTHON_9.3 #</Process><Process ToolSource="c:\program files (x86)\arcgis\desktop10.3\ArcToolbox\Toolboxes\Data Management Tools.tbx\CalculateField" Date="20170619" Time="105248" Name="" export="">CalculateField Addresses AddID "!AddID! .rjust(7,'0')
" PYTHON_9.3 #</Process><Process ToolSource="c:\program files (x86)\arcgis\desktop10.3\ArcToolbox\Toolboxes\Data Management Tools.tbx\CalculateField" Date="20170619" Time="105806" Name="" export="">CalculateField Addresses AddID ""
 PYTHON_9.3 #</Process><Process ToolSource="c:\program files (x86)\arcgis\desktop10.3\ArcToolbox\Toolboxes\Data Management Tools.tbx\CalculateField" Date="20170619" Time="110141" Name="" export="">CalculateField Addresses AddID autoIncrement() PYTHON_9.3 "count =0 \n\ndef autoIncrement(): \n    global count\n    count += 1  \n    return count\n\n"</Process><Process ToolSource="c:\program files (x86)\arcgis\desktop10.3\ArcToolbox\Toolboxes\Data Management Tools.tbx\CalculateField" Date="20170619" Time="110258" Name="" export="">CalculateField Addresses AddID "!AddID! .rjust(7,'0')

    

" PYTHON_9.3 #</Process><Process ToolSource="c:\program files (x86)\arcgis\desktop10.3\ArcToolbox\Toolboxes\Data Management Tools.tbx\CalculateField" Date="20170619" Time="122740" Name="" export="">CalculateField Addresses Island "Grand Bahama" VB #</Process><Process ToolSource="c:\program files (x86)\arcgis\desktop10.3\ArcToolbox\Toolboxes\Data Management Tools.tbx\CalculateField" Date="20170619" Time="123855" Name="" export="">CalculateField Addresses Island "Grand Bahama" VB #</Process><Process ToolSource="c:\program files (x86)\arcgis\desktop10.3\ArcToolbox\Toolboxes\Data Management Tools.tbx\CalculateField" Date="20170620" Time="153252" Name="" export="">CalculateField Addresses AddressNum addressnumber( !Address! ) PYTHON_9.3 "def addressnumber(address):\n    num = address.split(" ")\n    return num[0]\n    \n\n\n"</Process><Process ToolSource="c:\program files (x86)\arcgis\desktop10.3\ArcToolbox\Toolboxes\Data Management Tools.tbx\CalculateField" Date="20170620" Time="153322" Name="" export="">CalculateField Addresses ParcelNumber !AddressNum! PYTHON_9.3 #</Process><Process ToolSource="c:\program files (x86)\arcgis\desktop10.3\ArcToolbox\Toolboxes\Data Management Tools.tbx\CalculateField" Date="20170620" Time="154128" Name="" export="">CalculateField Addresses AddressNum addressnumber( !Address! ) PYTHON_9.3 "def addressnumber(address):\n    num = address.split(" ")\n    return num[0]\n    \n\n\n"</Process><Process ToolSource="c:\program files (x86)\arcgis\desktop10.3\ArcToolbox\Toolboxes\Data Management Tools.tbx\CalculateField" Date="20170620" Time="154546" Name="" export="">CalculateField Addresses ParcelNumber [AddressNum] VB #</Process><Process ToolSource="c:\program files (x86)\arcgis\desktop10.3\ArcToolbox\Toolboxes\Data Management Tools.tbx\CalculateField" Date="20170802" Time="164257" Name="" export="">CalculateField Addresses City "Freeport" VB #</Process><Process ToolSource="c:\program files (x86)\arcgis\desktop10.3\ArcToolbox\Toolboxes\Data Management Tools.tbx\CalculateField" Date="20170802" Time="164601" Name="" export="">CalculateField Addresses City "Lucaya" VB #</Process></lineage><itemProps><itemName Sync="TRUE">Address</itemName><imsContentType Sync="TRUE">002</imsContentType><itemLocation><linkage Sync="TRUE">file://\\storage1\Building and Planning\GIS\Geodatabases\Test Parcels (Jan 3rd, 2013).gdb</linkage><protocol Sync="TRUE">Local Area Network</protocol></itemLocation><nativeExtBox><westBL Sync="TRUE">721705.185700</westBL><eastBL Sync="TRUE">760802.498400</eastBL><southBL Sync="TRUE">2932245.427000</southBL><northBL Sync="TRUE">2953602.657800</northBL><exTypeCode Sync="TRUE">1</exTypeCode></nativeExtBox></itemProps><coordRef><type Sync="TRUE">Projected</type><geogcsn Sync="TRUE">GCS_WGS_1984</geogcsn><csUnits Sync="TRUE">Linear Unit: Meter (1.000000)</csUnits><projcsn Sync="TRUE">WGS_1984_UTM_Zone_17N</projcsn><peXml Sync="TRUE">&lt;ProjectedCoordinateSystem xsi:type='typens:ProjectedCoordinateSystem' xmlns:xsi='http://www.w3.org/2001/XMLSchema-instance' xmlns:xs='http://www.w3.org/2001/XMLSchema' xmlns:typens='http://www.esri.com/schemas/ArcGIS/10.3'&gt;&lt;WKT&gt;PROJCS[&amp;quot;WGS_1984_UTM_Zone_17N&amp;quot;,GEOGCS[&amp;quot;GCS_WGS_1984&amp;quot;,DATUM[&amp;quot;D_WGS_1984&amp;quot;,SPHEROID[&amp;quot;WGS_1984&amp;quot;,6378137.0,298.257223563]],PRIMEM[&amp;quot;Greenwich&amp;quot;,0.0],UNIT[&amp;quot;Degree&amp;quot;,0.0174532925199433]],PROJECTION[&amp;quot;Transverse_Mercator&amp;quot;],PARAMETER[&amp;quot;False_Easting&amp;quot;,500000.0],PARAMETER[&amp;quot;False_Northing&amp;quot;,0.0],PARAMETER[&amp;quot;Central_Meridian&amp;quot;,-81.0],PARAMETER[&amp;quot;Scale_Factor&amp;quot;,0.9996],PARAMETER[&amp;quot;Latitude_Of_Origin&amp;quot;,0.0],UNIT[&amp;quot;Meter&amp;quot;,1.0],AUTHORITY[&amp;quot;EPSG&amp;quot;,32617]]&lt;/WKT&gt;&lt;XOrigin&gt;-5120900&lt;/XOrigin&gt;&lt;YOrigin&gt;-9998100&lt;/YOrigin&gt;&lt;XYScale&gt;10000&lt;/XYScale&gt;&lt;ZOrigin&gt;-100000&lt;/ZOrigin&gt;&lt;ZScale&gt;10000&lt;/ZScale&gt;&lt;MOrigin&gt;-100000&lt;/MOrigin&gt;&lt;MScale&gt;10000&lt;/MScale&gt;&lt;XYTolerance&gt;0.001&lt;/XYTolerance&gt;&lt;ZTolerance&gt;0.001&lt;/ZTolerance&gt;&lt;MTolerance&gt;0.001&lt;/MTolerance&gt;&lt;HighPrecision&gt;true&lt;/HighPrecision&gt;&lt;WKID&gt;32617&lt;/WKID&gt;&lt;LatestWKID&gt;32617&lt;/LatestWKID&gt;&lt;/ProjectedCoordinateSystem&gt;</peXml></coordRef></DataProperties><SyncDate>20170810</SyncDate><SyncTime>11512200</SyncTime><ModDate>20170810</ModDate><ModTime>11545300</ModTime><scaleRange><minScale>150000000</minScale><maxScale>5000</maxScale></scaleRange><ArcGISProfile>ItemDescription</ArcGISProfile></Esri><dataIdInfo><envirDesc Sync="TRUE">Microsoft Windows 7 Version 6.1 (Build 7601) Service Pack 1; Esri ArcGIS 10.3.1.4959</envirDesc><dataLang><languageCode value="eng" Sync="TRUE"/><countryCode value="USA" Sync="TRUE"/></dataLang><idCitation><resTitle Sync="FALSE">Port Area Addresses</resTitle><presForm><PresFormCd value="005" Sync="TRUE"/></presForm></idCitation><spatRpType><SpatRepTypCd value="001" Sync="TRUE"/></spatRpType><dataExt><geoEle xmlns=""><GeoBndBox esriExtentType="search"><exTypeCode Sync="TRUE">1</exTypeCode><westBL Sync="TRUE">-78.775632</westBL><eastBL Sync="TRUE">-78.379288</eastBL><northBL Sync="TRUE">26.686076</northBL><southBL Sync="TRUE">26.486735</southBL></GeoBndBox></geoEle></dataExt><idPurp>This layer was created to assign addresses at the parcel level across the Port Area. </idPurp><idAbs>&lt;DIV STYLE="text-align:Left;"&gt;&lt;DIV&gt;&lt;DIV&gt;&lt;P&gt;&lt;SPAN&gt;This layer was created to assign addresses at the parcel level across the Port Area. Only those parcels which are located on a named street and with proper legal descriptions were assigned addresses accordingly.&lt;/SPAN&gt;&lt;/P&gt;&lt;/DIV&gt;&lt;/DIV&gt;&lt;/DIV&gt;</idAbs><idCredit>GBPA GIS Department.</idCredit><searchKeys><keyword>address</keyword><keyword>Port Area</keyword><keyword>Freeport</keyword><keyword>Lucaya</keyword><keyword>addressing</keyword></searchKeys><resConst><Consts><useLimit>&lt;DIV STYLE="text-align:Left;"&gt;&lt;DIV&gt;&lt;DIV&gt;&lt;P&gt;&lt;SPAN&gt;Not to be used without the express permission of the Grand Bahama Port Authority's GIS department.&lt;/SPAN&gt;&lt;/P&gt;&lt;/DIV&gt;&lt;/DIV&gt;&lt;/DIV&gt;</useLimit></Consts></resConst></dataIdInfo><mdLang><languageCode value="eng" Sync="TRUE"/><countryCode value="USA" Sync="TRUE"/></mdLang><distInfo><distFormat><formatName Sync="TRUE">File Geodatabase Feature Class</formatName></distFormat></distInfo><mdHrLv><ScopeCd value="005" Sync="TRUE"/></mdHrLv><mdHrLvName Sync="TRUE">dataset</mdHrLvName><refSysInfo><RefSystem><refSysID><identCode code="32617" Sync="TRUE"/><idCodeSpace Sync="TRUE">EPSG</idCodeSpace><idVersion Sync="TRUE">8.6.2</idVersion></refSysID></RefSystem></refSysInfo><spatRepInfo><VectSpatRep><geometObjs Name="Address"><geoObjTyp><GeoObjTypCd value="004" Sync="TRUE"/></geoObjTyp><geoObjCnt Sync="TRUE">61722</geoObjCnt></geometObjs><topLvl><TopoLevCd value="001" Sync="TRUE"/></topLvl></VectSpatRep></spatRepInfo><spdoinfo><ptvctinf><esriterm Name="Address"><efeatyp Sync="TRUE">Simple</efeatyp><efeageom code="1" Sync="TRUE"/><esritopo Sync="TRUE">FALSE</esritopo><efeacnt Sync="TRUE">61722</efeacnt><spindex Sync="TRUE">TRUE</spindex><linrefer Sync="TRUE">FALSE</linrefer></esriterm></ptvctinf></spdoinfo><eainfo><detailed Name="Address"><enttyp><enttypl Sync="TRUE">Address</enttypl><enttypt Sync="TRUE">Feature Class</enttypt><enttypc Sync="TRUE">61722</enttypc></enttyp><attr><attrlabl Sync="TRUE">OBJECTID</attrlabl><attalias Sync="TRUE">OBJECTID</attalias><attrtype Sync="TRUE">OID</attrtype><attwidth Sync="TRUE">4</attwidth><atprecis Sync="TRUE">0</atprecis><attscale Sync="TRUE">0</attscale><attrdef Sync="TRUE">Internal feature number.</attrdef><attrdefs Sync="TRUE">Esri</attrdefs><attrdomv><udom Sync="TRUE">Sequential unique whole numbers that are automatically generated.</udom></attrdomv></attr><attr><attrlabl Sync="TRUE">Shape</attrlabl><attalias Sync="TRUE">Shape</attalias><attrtype Sync="TRUE">Geometry</attrtype><attwidth Sync="TRUE">0</attwidth><atprecis Sync="TRUE">0</atprecis><attscale Sync="TRUE">0</attscale><attrdef Sync="TRUE">Feature geometry.</attrdef><attrdefs Sync="TRUE">Esri</attrdefs><attrdomv><udom Sync="TRUE">Coordinates defining the features.</udom></attrdomv></attr><attr><attrlabl Sync="TRUE">AddID</attrlabl><attalias Sync="TRUE">AddID</attalias><attrtype Sync="TRUE">String</attrtype><attwidth Sync="TRUE">7</attwidth><atprecis Sync="TRUE">0</atprecis><attscale Sync="TRUE">0</attscale></attr><attr><attrlabl Sync="TRUE">ParcelNumber</attrlabl><attalias Sync="TRUE">ParcelNumber</attalias><attrtype Sync="TRUE">String</attrtype><attwidth Sync="TRUE">6</attwidth><atprecis Sync="TRUE">0</atprecis><attscale Sync="TRUE">0</attscale></attr><attr><attrlabl Sync="TRUE">BlkNumber</attrlabl><attalias Sync="TRUE">BlkNumber</attalias><attrtype Sync="TRUE">String</attrtype><attwidth Sync="TRUE">6</attwidth><atprecis Sync="TRUE">0</atprecis><attscale Sync="TRUE">0</attscale></attr><attr><attrlabl Sync="TRUE">AltName</attrlabl><attalias Sync="TRUE">AltName</attalias><attrtype Sync="TRUE">String</attrtype><attwidth Sync="TRUE">35</attwidth><atprecis Sync="TRUE">0</atprecis><attscale Sync="TRUE">0</attscale></attr><attr><attrlabl Sync="TRUE">Prefix</attrlabl><attalias Sync="TRUE">Prefix</attalias><attrtype Sync="TRUE">String</attrtype><attwidth Sync="TRUE">8</attwidth><atprecis Sync="TRUE">0</atprecis><attscale Sync="TRUE">0</attscale></attr><attr><attrlabl Sync="TRUE">StreetName</attrlabl><attalias Sync="TRUE">StreetName</attalias><attrtype Sync="TRUE">String</attrtype><attwidth Sync="TRUE">30</attwidth><atprecis Sync="TRUE">0</atprecis><attscale Sync="TRUE">0</attscale></attr><attr><attrlabl Sync="TRUE">Suffix</attrlabl><attalias Sync="TRUE">Suffix</attalias><attrtype Sync="TRUE">String</attrtype><attwidth Sync="TRUE">15</attwidth><atprecis Sync="TRUE">0</atprecis><attscale Sync="TRUE">0</attscale></attr><attr><attrlabl Sync="TRUE">FullStName</attrlabl><attalias Sync="TRUE">FullStName</attalias><attrtype Sync="TRUE">String</attrtype><attwidth Sync="TRUE">40</attwidth><atprecis Sync="TRUE">0</atprecis><attscale Sync="TRUE">0</attscale></attr><attr><attrlabl Sync="TRUE">Address</attrlabl><attalias Sync="TRUE">Address</attalias><attrtype Sync="TRUE">String</attrtype><attwidth Sync="TRUE">50</attwidth><atprecis Sync="TRUE">0</atprecis><attscale Sync="TRUE">0</attscale></attr><attr><attrlabl Sync="TRUE">AddressNum</attrlabl><attalias Sync="TRUE">AddressNum</attalias><attrtype Sync="TRUE">String</attrtype><attwidth Sync="TRUE">10</attwidth><atprecis Sync="TRUE">0</atprecis><attscale Sync="TRUE">0</attscale></attr><attr><attrlabl Sync="TRUE">City</attrlabl><attalias Sync="TRUE">City</attalias><attrtype Sync="TRUE">String</attrtype><attwidth Sync="TRUE">35</attwidth><atprecis Sync="TRUE">0</atprecis><attscale Sync="TRUE">0</attscale></attr><attr><attrlabl Sync="TRUE">Island</attrlabl><attalias Sync="TRUE">Island</attalias><attrtype Sync="TRUE">String</attrtype><attwidth Sync="TRUE">25</attwidth><atprecis Sync="TRUE">0</atprecis><attscale Sync="TRUE">0</attscale></attr></detailed></eainfo><mdDateSt Sync="TRUE">20170810</mdDateSt></metadata>
